2025-05-30 14:47:35,601 - app.services.dendreo_client - INFO - Initialized DendreoClient with base URL: https://pro.dendreo.com/competences_et_metiers/api
2025-05-30 14:47:37,059 - app.services.dendreo_client - INFO - Initialized DendreoClient with base URL: https://pro.dendreo.com/competences_et_metiers/api
2025-05-30 15:09:34,638 - app.services.dendreo_client - INFO - Initialized DendreoClient with base URL: https://pro.dendreo.com/competences_et_metiers/api
2025-05-30 15:09:35,598 - app.services.dendreo_client - INFO - Initialized DendreoClient with base URL: https://pro.dendreo.com/competences_et_metiers/api
2025-05-30 15:10:45,586 - app.services.dendreo_client - INFO - Initialized DendreoClient with base URL: https://pro.dendreo.com/competences_et_metiers/api
2025-05-30 15:10:45,587 - app.services.dendreo_sync - INFO - Starting full sync from Dendreo API
2025-05-30 15:10:45,587 - app.services.dendreo_sync - INFO - Fetching data from API...
2025-05-30 15:10:45,588 - app.services.dendreo_client - INFO - Making request to Dendreo API: https://pro.dendreo.com/competences_et_metiers/api/lmps.php
2025-05-30 15:10:53,753 - httpx - INFO - HTTP Request: GET https://pro.dendreo.com/competences_et_metiers/api/lmps.php?key=BaBVostSCz5RTGIwszf8&include=participant%2Cmodule "HTTP/1.1 200 OK"
2025-05-30 15:10:54,493 - app.services.dendreo_sync - INFO - Received 5492 records from Dendreo
2025-05-30 15:10:54,494 - app.services.dendreo_sync - INFO - Filtering e-learning modules...
2025-05-30 15:10:54,497 - app.services.dendreo_sync - INFO - Found 2645 records with e-learning modules
2025-05-30 15:10:54,497 - app.services.dendreo_sync - INFO - Processing batch 1/53 (50 records)
2025-05-30 15:10:54,498 - app.services.data_processor - INFO - Processing 50 records...
2025-05-30 15:10:54,498 - app.services.data_processor - INFO - Processed 0/50 records...
2025-05-30 15:10:54,854 - app.services.data_processor - INFO - Processing completed. Stats: {'participants_created': 17, 'participants_updated': 33, 'courses_created': 50, 'courses_updated': 0, 'modules_created': 13, 'modules_updated': 37, 'participant_courses_created': 50, 'participant_courses_updated': 0}
2025-05-30 15:10:54,855 - app.services.dendreo_sync - INFO - Batch 1 completed: {'participants_created': 17, 'participants_updated': 33, 'courses_created': 50, 'courses_updated': 0, 'modules_created': 13, 'modules_updated': 37, 'participant_courses_created': 50, 'participant_courses_updated': 0}
2025-05-30 15:10:54,855 - app.services.dendreo_sync - INFO - Processing batch 2/53 (50 records)
2025-05-30 15:10:54,855 - app.services.data_processor - INFO - Processing 50 records...
2025-05-30 15:10:54,855 - app.services.data_processor - INFO - Processed 0/50 records...
2025-05-30 15:10:55,078 - app.services.data_processor - INFO - Processing completed. Stats: {'participants_created': 18, 'participants_updated': 32, 'courses_created': 50, 'courses_updated': 0, 'modules_created': 5, 'modules_updated': 45, 'participant_courses_created': 50, 'participant_courses_updated': 0}
2025-05-30 15:10:55,079 - app.services.dendreo_sync - INFO - Batch 2 completed: {'participants_created': 18, 'participants_updated': 32, 'courses_created': 50, 'courses_updated': 0, 'modules_created': 5, 'modules_updated': 45, 'participant_courses_created': 50, 'participant_courses_updated': 0}
2025-05-30 15:10:55,079 - app.services.dendreo_sync - INFO - Processing batch 3/53 (50 records)
2025-05-30 15:10:55,079 - app.services.data_processor - INFO - Processing 50 records...
2025-05-30 15:10:55,079 - app.services.data_processor - INFO - Processed 0/50 records...
2025-05-30 15:10:55,288 - app.services.data_processor - INFO - Processing completed. Stats: {'participants_created': 8, 'participants_updated': 42, 'courses_created': 50, 'courses_updated': 0, 'modules_created': 14, 'modules_updated': 36, 'participant_courses_created': 50, 'participant_courses_updated': 0}
2025-05-30 15:10:55,288 - app.services.dendreo_sync - INFO - Batch 3 completed: {'participants_created': 8, 'participants_updated': 42, 'courses_created': 50, 'courses_updated': 0, 'modules_created': 14, 'modules_updated': 36, 'participant_courses_created': 50, 'participant_courses_updated': 0}
2025-05-30 15:10:55,289 - app.services.dendreo_sync - INFO - Processing batch 4/53 (50 records)
2025-05-30 15:10:55,289 - app.services.data_processor - INFO - Processing 50 records...
2025-05-30 15:10:55,289 - app.services.data_processor - INFO - Processed 0/50 records...
2025-05-30 15:10:55,500 - app.services.data_processor - INFO - Processing completed. Stats: {'participants_created': 5, 'participants_updated': 45, 'courses_created': 50, 'courses_updated': 0, 'modules_created': 10, 'modules_updated': 40, 'participant_courses_created': 50, 'participant_courses_updated': 0}
2025-05-30 15:10:55,500 - app.services.dendreo_sync - INFO - Batch 4 completed: {'participants_created': 5, 'participants_updated': 45, 'courses_created': 50, 'courses_updated': 0, 'modules_created': 10, 'modules_updated': 40, 'participant_courses_created': 50, 'participant_courses_updated': 0}
2025-05-30 15:10:55,500 - app.services.dendreo_sync - INFO - Processing batch 5/53 (50 records)
2025-05-30 15:10:55,501 - app.services.data_processor - INFO - Processing 50 records...
2025-05-30 15:10:55,501 - app.services.data_processor - INFO - Processed 0/50 records...
2025-05-30 15:10:55,712 - app.services.data_processor - INFO - Processing completed. Stats: {'participants_created': 6, 'participants_updated': 44, 'courses_created': 50, 'courses_updated': 0, 'modules_created': 2, 'modules_updated': 48, 'participant_courses_created': 50, 'participant_courses_updated': 0}
2025-05-30 15:10:55,712 - app.services.dendreo_sync - INFO - Batch 5 completed: {'participants_created': 6, 'participants_updated': 44, 'courses_created': 50, 'courses_updated': 0, 'modules_created': 2, 'modules_updated': 48, 'participant_courses_created': 50, 'participant_courses_updated': 0}
2025-05-30 15:10:55,713 - app.services.dendreo_sync - INFO - Processing batch 6/53 (50 records)
2025-05-30 15:10:55,713 - app.services.data_processor - INFO - Processing 50 records...
2025-05-30 15:10:55,713 - app.services.data_processor - INFO - Processed 0/50 records...
2025-05-30 15:10:55,923 - app.services.data_processor - INFO - Processing completed. Stats: {'participants_created': 7, 'participants_updated': 43, 'courses_created': 50, 'courses_updated': 0, 'modules_created': 1, 'modules_updated': 49, 'participant_courses_created': 50, 'participant_courses_updated': 0}
2025-05-30 15:10:55,923 - app.services.dendreo_sync - INFO - Batch 6 completed: {'participants_created': 7, 'participants_updated': 43, 'courses_created': 50, 'courses_updated': 0, 'modules_created': 1, 'modules_updated': 49, 'participant_courses_created': 50, 'participant_courses_updated': 0}
2025-05-30 15:10:55,924 - app.services.dendreo_sync - INFO - Processing batch 7/53 (50 records)
2025-05-30 15:10:55,924 - app.services.data_processor - INFO - Processing 50 records...
2025-05-30 15:10:55,924 - app.services.data_processor - INFO - Processed 0/50 records...
2025-05-30 15:10:56,131 - app.services.data_processor - INFO - Processing completed. Stats: {'participants_created': 4, 'participants_updated': 46, 'courses_created': 50, 'courses_updated': 0, 'modules_created': 0, 'modules_updated': 50, 'participant_courses_created': 50, 'participant_courses_updated': 0}
2025-05-30 15:10:56,131 - app.services.dendreo_sync - INFO - Batch 7 completed: {'participants_created': 4, 'participants_updated': 46, 'courses_created': 50, 'courses_updated': 0, 'modules_created': 0, 'modules_updated': 50, 'participant_courses_created': 50, 'participant_courses_updated': 0}
2025-05-30 15:10:56,132 - app.services.dendreo_sync - INFO - Processing batch 8/53 (50 records)
2025-05-30 15:10:56,132 - app.services.data_processor - INFO - Processing 50 records...
2025-05-30 15:10:56,132 - app.services.data_processor - INFO - Processed 0/50 records...
2025-05-30 15:10:56,360 - app.services.data_processor - INFO - Processing completed. Stats: {'participants_created': 4, 'participants_updated': 46, 'courses_created': 50, 'courses_updated': 0, 'modules_created': 0, 'modules_updated': 50, 'participant_courses_created': 50, 'participant_courses_updated': 0}
2025-05-30 15:10:56,361 - app.services.dendreo_sync - INFO - Batch 8 completed: {'participants_created': 4, 'participants_updated': 46, 'courses_created': 50, 'courses_updated': 0, 'modules_created': 0, 'modules_updated': 50, 'participant_courses_created': 50, 'participant_courses_updated': 0}
2025-05-30 15:10:56,361 - app.services.dendreo_sync - INFO - Processing batch 9/53 (50 records)
2025-05-30 15:10:56,361 - app.services.data_processor - INFO - Processing 50 records...
2025-05-30 15:10:56,361 - app.services.data_processor - INFO - Processed 0/50 records...
2025-05-30 15:10:56,596 - app.services.data_processor - INFO - Processing completed. Stats: {'participants_created': 4, 'participants_updated': 46, 'courses_created': 50, 'courses_updated': 0, 'modules_created': 1, 'modules_updated': 49, 'participant_courses_created': 50, 'participant_courses_updated': 0}
2025-05-30 15:10:56,597 - app.services.dendreo_sync - INFO - Batch 9 completed: {'participants_created': 4, 'participants_updated': 46, 'courses_created': 50, 'courses_updated': 0, 'modules_created': 1, 'modules_updated': 49, 'participant_courses_created': 50, 'participant_courses_updated': 0}
2025-05-30 15:10:56,597 - app.services.dendreo_sync - INFO - Processing batch 10/53 (50 records)
2025-05-30 15:10:56,597 - app.services.data_processor - INFO - Processing 50 records...
2025-05-30 15:10:56,597 - app.services.data_processor - INFO - Processed 0/50 records...
2025-05-30 15:10:56,828 - app.services.data_processor - INFO - Processing completed. Stats: {'participants_created': 0, 'participants_updated': 50, 'courses_created': 50, 'courses_updated': 0, 'modules_created': 2, 'modules_updated': 48, 'participant_courses_created': 50, 'participant_courses_updated': 0}
2025-05-30 15:10:56,828 - app.services.dendreo_sync - INFO - Batch 10 completed: {'participants_created': 0, 'participants_updated': 50, 'courses_created': 50, 'courses_updated': 0, 'modules_created': 2, 'modules_updated': 48, 'participant_courses_created': 50, 'participant_courses_updated': 0}
2025-05-30 15:10:56,828 - app.services.dendreo_sync - INFO - Processing batch 11/53 (50 records)
2025-05-30 15:10:56,828 - app.services.data_processor - INFO - Processing 50 records...
2025-05-30 15:10:56,828 - app.services.data_processor - INFO - Processed 0/50 records...
2025-05-30 15:10:57,034 - app.services.data_processor - INFO - Processing completed. Stats: {'participants_created': 0, 'participants_updated': 50, 'courses_created': 50, 'courses_updated': 0, 'modules_created': 2, 'modules_updated': 48, 'participant_courses_created': 50, 'participant_courses_updated': 0}
2025-05-30 15:10:57,035 - app.services.dendreo_sync - INFO - Batch 11 completed: {'participants_created': 0, 'participants_updated': 50, 'courses_created': 50, 'courses_updated': 0, 'modules_created': 2, 'modules_updated': 48, 'participant_courses_created': 50, 'participant_courses_updated': 0}
2025-05-30 15:10:57,035 - app.services.dendreo_sync - INFO - Processing batch 12/53 (50 records)
2025-05-30 15:10:57,035 - app.services.data_processor - INFO - Processing 50 records...
2025-05-30 15:10:57,035 - app.services.data_processor - INFO - Processed 0/50 records...
2025-05-30 15:10:57,258 - app.services.data_processor - INFO - Processing completed. Stats: {'participants_created': 4, 'participants_updated': 46, 'courses_created': 50, 'courses_updated': 0, 'modules_created': 1, 'modules_updated': 49, 'participant_courses_created': 50, 'participant_courses_updated': 0}
2025-05-30 15:10:57,258 - app.services.dendreo_sync - INFO - Batch 12 completed: {'participants_created': 4, 'participants_updated': 46, 'courses_created': 50, 'courses_updated': 0, 'modules_created': 1, 'modules_updated': 49, 'participant_courses_created': 50, 'participant_courses_updated': 0}
2025-05-30 15:10:57,258 - app.services.dendreo_sync - INFO - Processing batch 13/53 (50 records)
2025-05-30 15:10:57,259 - app.services.data_processor - INFO - Processing 50 records...
2025-05-30 15:10:57,259 - app.services.data_processor - INFO - Processed 0/50 records...
2025-05-30 15:10:57,478 - app.services.data_processor - INFO - Processing completed. Stats: {'participants_created': 8, 'participants_updated': 42, 'courses_created': 50, 'courses_updated': 0, 'modules_created': 8, 'modules_updated': 42, 'participant_courses_created': 50, 'participant_courses_updated': 0}
2025-05-30 15:10:57,479 - app.services.dendreo_sync - INFO - Batch 13 completed: {'participants_created': 8, 'participants_updated': 42, 'courses_created': 50, 'courses_updated': 0, 'modules_created': 8, 'modules_updated': 42, 'participant_courses_created': 50, 'participant_courses_updated': 0}
2025-05-30 15:10:57,479 - app.services.dendreo_sync - INFO - Processing batch 14/53 (50 records)
2025-05-30 15:10:57,479 - app.services.data_processor - INFO - Processing 50 records...
2025-05-30 15:10:57,479 - app.services.data_processor - INFO - Processed 0/50 records...
2025-05-30 15:10:57,706 - app.services.data_processor - INFO - Processing completed. Stats: {'participants_created': 6, 'participants_updated': 44, 'courses_created': 50, 'courses_updated': 0, 'modules_created': 1, 'modules_updated': 49, 'participant_courses_created': 50, 'participant_courses_updated': 0}
2025-05-30 15:10:57,706 - app.services.dendreo_sync - INFO - Batch 14 completed: {'participants_created': 6, 'participants_updated': 44, 'courses_created': 50, 'courses_updated': 0, 'modules_created': 1, 'modules_updated': 49, 'participant_courses_created': 50, 'participant_courses_updated': 0}
2025-05-30 15:10:57,707 - app.services.dendreo_sync - INFO - Processing batch 15/53 (50 records)
2025-05-30 15:10:57,707 - app.services.data_processor - INFO - Processing 50 records...
2025-05-30 15:10:57,707 - app.services.data_processor - INFO - Processed 0/50 records...
2025-05-30 15:10:57,935 - app.services.data_processor - INFO - Processing completed. Stats: {'participants_created': 2, 'participants_updated': 48, 'courses_created': 50, 'courses_updated': 0, 'modules_created': 30, 'modules_updated': 20, 'participant_courses_created': 50, 'participant_courses_updated': 0}
2025-05-30 15:10:57,936 - app.services.dendreo_sync - INFO - Batch 15 completed: {'participants_created': 2, 'participants_updated': 48, 'courses_created': 50, 'courses_updated': 0, 'modules_created': 30, 'modules_updated': 20, 'participant_courses_created': 50, 'participant_courses_updated': 0}
2025-05-30 15:10:57,936 - app.services.dendreo_sync - INFO - Processing batch 16/53 (50 records)
2025-05-30 15:10:57,937 - app.services.data_processor - INFO - Processing 50 records...
2025-05-30 15:10:57,937 - app.services.data_processor - INFO - Processed 0/50 records...
2025-05-30 15:10:58,158 - app.services.data_processor - INFO - Processing completed. Stats: {'participants_created': 5, 'participants_updated': 45, 'courses_created': 50, 'courses_updated': 0, 'modules_created': 16, 'modules_updated': 34, 'participant_courses_created': 50, 'participant_courses_updated': 0}
2025-05-30 15:10:58,159 - app.services.dendreo_sync - INFO - Batch 16 completed: {'participants_created': 5, 'participants_updated': 45, 'courses_created': 50, 'courses_updated': 0, 'modules_created': 16, 'modules_updated': 34, 'participant_courses_created': 50, 'participant_courses_updated': 0}
2025-05-30 15:10:58,159 - app.services.dendreo_sync - INFO - Processing batch 17/53 (50 records)
2025-05-30 15:10:58,159 - app.services.data_processor - INFO - Processing 50 records...
2025-05-30 15:10:58,159 - app.services.data_processor - INFO - Processed 0/50 records...
2025-05-30 15:10:58,383 - app.services.data_processor - INFO - Processing completed. Stats: {'participants_created': 2, 'participants_updated': 48, 'courses_created': 50, 'courses_updated': 0, 'modules_created': 8, 'modules_updated': 42, 'participant_courses_created': 50, 'participant_courses_updated': 0}
2025-05-30 15:10:58,383 - app.services.dendreo_sync - INFO - Batch 17 completed: {'participants_created': 2, 'participants_updated': 48, 'courses_created': 50, 'courses_updated': 0, 'modules_created': 8, 'modules_updated': 42, 'participant_courses_created': 50, 'participant_courses_updated': 0}
2025-05-30 15:10:58,383 - app.services.dendreo_sync - INFO - Processing batch 18/53 (50 records)
2025-05-30 15:10:58,383 - app.services.data_processor - INFO - Processing 50 records...
2025-05-30 15:10:58,384 - app.services.data_processor - INFO - Processed 0/50 records...
2025-05-30 15:10:58,607 - app.services.data_processor - INFO - Processing completed. Stats: {'participants_created': 3, 'participants_updated': 47, 'courses_created': 50, 'courses_updated': 0, 'modules_created': 0, 'modules_updated': 50, 'participant_courses_created': 50, 'participant_courses_updated': 0}
2025-05-30 15:10:58,607 - app.services.dendreo_sync - INFO - Batch 18 completed: {'participants_created': 3, 'participants_updated': 47, 'courses_created': 50, 'courses_updated': 0, 'modules_created': 0, 'modules_updated': 50, 'participant_courses_created': 50, 'participant_courses_updated': 0}
2025-05-30 15:10:58,607 - app.services.dendreo_sync - INFO - Processing batch 19/53 (50 records)
2025-05-30 15:10:58,608 - app.services.data_processor - INFO - Processing 50 records...
2025-05-30 15:10:58,608 - app.services.data_processor - INFO - Processed 0/50 records...
2025-05-30 15:10:58,827 - app.services.data_processor - INFO - Processing completed. Stats: {'participants_created': 2, 'participants_updated': 48, 'courses_created': 50, 'courses_updated': 0, 'modules_created': 0, 'modules_updated': 50, 'participant_courses_created': 50, 'participant_courses_updated': 0}
2025-05-30 15:10:58,827 - app.services.dendreo_sync - INFO - Batch 19 completed: {'participants_created': 2, 'participants_updated': 48, 'courses_created': 50, 'courses_updated': 0, 'modules_created': 0, 'modules_updated': 50, 'participant_courses_created': 50, 'participant_courses_updated': 0}
2025-05-30 15:10:58,827 - app.services.dendreo_sync - INFO - Processing batch 20/53 (50 records)
2025-05-30 15:10:58,828 - app.services.data_processor - INFO - Processing 50 records...
2025-05-30 15:10:58,828 - app.services.data_processor - INFO - Processed 0/50 records...
2025-05-30 15:10:59,039 - app.services.data_processor - INFO - Processing completed. Stats: {'participants_created': 2, 'participants_updated': 48, 'courses_created': 50, 'courses_updated': 0, 'modules_created': 1, 'modules_updated': 49, 'participant_courses_created': 50, 'participant_courses_updated': 0}
2025-05-30 15:10:59,040 - app.services.dendreo_sync - INFO - Batch 20 completed: {'participants_created': 2, 'participants_updated': 48, 'courses_created': 50, 'courses_updated': 0, 'modules_created': 1, 'modules_updated': 49, 'participant_courses_created': 50, 'participant_courses_updated': 0}
2025-05-30 15:10:59,040 - app.services.dendreo_sync - INFO - Processing batch 21/53 (50 records)
2025-05-30 15:10:59,040 - app.services.data_processor - INFO - Processing 50 records...
2025-05-30 15:10:59,040 - app.services.data_processor - INFO - Processed 0/50 records...
2025-05-30 15:10:59,253 - app.services.data_processor - INFO - Processing completed. Stats: {'participants_created': 0, 'participants_updated': 50, 'courses_created': 50, 'courses_updated': 0, 'modules_created': 1, 'modules_updated': 49, 'participant_courses_created': 50, 'participant_courses_updated': 0}
2025-05-30 15:10:59,254 - app.services.dendreo_sync - INFO - Batch 21 completed: {'participants_created': 0, 'participants_updated': 50, 'courses_created': 50, 'courses_updated': 0, 'modules_created': 1, 'modules_updated': 49, 'participant_courses_created': 50, 'participant_courses_updated': 0}
2025-05-30 15:10:59,254 - app.services.dendreo_sync - INFO - Processing batch 22/53 (50 records)
2025-05-30 15:10:59,255 - app.services.data_processor - INFO - Processing 50 records...
2025-05-30 15:10:59,255 - app.services.data_processor - INFO - Processed 0/50 records...
2025-05-30 15:10:59,453 - app.services.data_processor - INFO - Processing completed. Stats: {'participants_created': 4, 'participants_updated': 46, 'courses_created': 50, 'courses_updated': 0, 'modules_created': 1, 'modules_updated': 49, 'participant_courses_created': 50, 'participant_courses_updated': 0}
2025-05-30 15:10:59,453 - app.services.dendreo_sync - INFO - Batch 22 completed: {'participants_created': 4, 'participants_updated': 46, 'courses_created': 50, 'courses_updated': 0, 'modules_created': 1, 'modules_updated': 49, 'participant_courses_created': 50, 'participant_courses_updated': 0}
2025-05-30 15:10:59,453 - app.services.dendreo_sync - INFO - Processing batch 23/53 (50 records)
2025-05-30 15:10:59,453 - app.services.data_processor - INFO - Processing 50 records...
2025-05-30 15:10:59,454 - app.services.data_processor - INFO - Processed 0/50 records...
2025-05-30 15:10:59,652 - app.services.data_processor - INFO - Processing completed. Stats: {'participants_created': 3, 'participants_updated': 47, 'courses_created': 50, 'courses_updated': 0, 'modules_created': 0, 'modules_updated': 50, 'participant_courses_created': 50, 'participant_courses_updated': 0}
2025-05-30 15:10:59,653 - app.services.dendreo_sync - INFO - Batch 23 completed: {'participants_created': 3, 'participants_updated': 47, 'courses_created': 50, 'courses_updated': 0, 'modules_created': 0, 'modules_updated': 50, 'participant_courses_created': 50, 'participant_courses_updated': 0}
2025-05-30 15:10:59,653 - app.services.dendreo_sync - INFO - Processing batch 24/53 (50 records)
2025-05-30 15:10:59,653 - app.services.data_processor - INFO - Processing 50 records...
2025-05-30 15:10:59,653 - app.services.data_processor - INFO - Processed 0/50 records...
2025-05-30 15:10:59,855 - app.services.data_processor - INFO - Processing completed. Stats: {'participants_created': 2, 'participants_updated': 48, 'courses_created': 50, 'courses_updated': 0, 'modules_created': 0, 'modules_updated': 50, 'participant_courses_created': 50, 'participant_courses_updated': 0}
2025-05-30 15:10:59,855 - app.services.dendreo_sync - INFO - Batch 24 completed: {'participants_created': 2, 'participants_updated': 48, 'courses_created': 50, 'courses_updated': 0, 'modules_created': 0, 'modules_updated': 50, 'participant_courses_created': 50, 'participant_courses_updated': 0}
2025-05-30 15:10:59,855 - app.services.dendreo_sync - INFO - Processing batch 25/53 (50 records)
2025-05-30 15:10:59,856 - app.services.data_processor - INFO - Processing 50 records...
2025-05-30 15:10:59,856 - app.services.data_processor - INFO - Processed 0/50 records...
2025-05-30 15:11:00,053 - app.services.data_processor - INFO - Processing completed. Stats: {'participants_created': 3, 'participants_updated': 47, 'courses_created': 50, 'courses_updated': 0, 'modules_created': 0, 'modules_updated': 50, 'participant_courses_created': 50, 'participant_courses_updated': 0}
2025-05-30 15:11:00,054 - app.services.dendreo_sync - INFO - Batch 25 completed: {'participants_created': 3, 'participants_updated': 47, 'courses_created': 50, 'courses_updated': 0, 'modules_created': 0, 'modules_updated': 50, 'participant_courses_created': 50, 'participant_courses_updated': 0}
2025-05-30 15:11:00,054 - app.services.dendreo_sync - INFO - Processing batch 26/53 (50 records)
2025-05-30 15:11:00,054 - app.services.data_processor - INFO - Processing 50 records...
2025-05-30 15:11:00,055 - app.services.data_processor - INFO - Processed 0/50 records...
2025-05-30 15:11:00,250 - app.services.data_processor - INFO - Processing completed. Stats: {'participants_created': 3, 'participants_updated': 47, 'courses_created': 50, 'courses_updated': 0, 'modules_created': 13, 'modules_updated': 37, 'participant_courses_created': 50, 'participant_courses_updated': 0}
2025-05-30 15:11:00,251 - app.services.dendreo_sync - INFO - Batch 26 completed: {'participants_created': 3, 'participants_updated': 47, 'courses_created': 50, 'courses_updated': 0, 'modules_created': 13, 'modules_updated': 37, 'participant_courses_created': 50, 'participant_courses_updated': 0}
2025-05-30 15:11:00,251 - app.services.dendreo_sync - INFO - Processing batch 27/53 (50 records)
2025-05-30 15:11:00,251 - app.services.data_processor - INFO - Processing 50 records...
2025-05-30 15:11:00,251 - app.services.data_processor - INFO - Processed 0/50 records...
2025-05-30 15:11:00,448 - app.services.data_processor - INFO - Processing completed. Stats: {'participants_created': 2, 'participants_updated': 48, 'courses_created': 50, 'courses_updated': 0, 'modules_created': 8, 'modules_updated': 42, 'participant_courses_created': 50, 'participant_courses_updated': 0}
2025-05-30 15:11:00,449 - app.services.dendreo_sync - INFO - Batch 27 completed: {'participants_created': 2, 'participants_updated': 48, 'courses_created': 50, 'courses_updated': 0, 'modules_created': 8, 'modules_updated': 42, 'participant_courses_created': 50, 'participant_courses_updated': 0}
2025-05-30 15:11:00,449 - app.services.dendreo_sync - INFO - Processing batch 28/53 (50 records)
2025-05-30 15:11:00,449 - app.services.data_processor - INFO - Processing 50 records...
2025-05-30 15:11:00,449 - app.services.data_processor - INFO - Processed 0/50 records...
2025-05-30 15:11:00,647 - app.services.data_processor - INFO - Processing completed. Stats: {'participants_created': 3, 'participants_updated': 47, 'courses_created': 50, 'courses_updated': 0, 'modules_created': 0, 'modules_updated': 50, 'participant_courses_created': 50, 'participant_courses_updated': 0}
2025-05-30 15:11:00,648 - app.services.dendreo_sync - INFO - Batch 28 completed: {'participants_created': 3, 'participants_updated': 47, 'courses_created': 50, 'courses_updated': 0, 'modules_created': 0, 'modules_updated': 50, 'participant_courses_created': 50, 'participant_courses_updated': 0}
2025-05-30 15:11:00,648 - app.services.dendreo_sync - INFO - Processing batch 29/53 (50 records)
2025-05-30 15:11:00,648 - app.services.data_processor - INFO - Processing 50 records...
2025-05-30 15:11:00,648 - app.services.data_processor - INFO - Processed 0/50 records...
2025-05-30 15:11:00,850 - app.services.data_processor - INFO - Processing completed. Stats: {'participants_created': 2, 'participants_updated': 48, 'courses_created': 50, 'courses_updated': 0, 'modules_created': 0, 'modules_updated': 50, 'participant_courses_created': 50, 'participant_courses_updated': 0}
2025-05-30 15:11:00,851 - app.services.dendreo_sync - INFO - Batch 29 completed: {'participants_created': 2, 'participants_updated': 48, 'courses_created': 50, 'courses_updated': 0, 'modules_created': 0, 'modules_updated': 50, 'participant_courses_created': 50, 'participant_courses_updated': 0}
2025-05-30 15:11:00,851 - app.services.dendreo_sync - INFO - Processing batch 30/53 (50 records)
2025-05-30 15:11:00,851 - app.services.data_processor - INFO - Processing 50 records...
2025-05-30 15:11:00,851 - app.services.data_processor - INFO - Processed 0/50 records...
2025-05-30 15:11:01,061 - app.services.data_processor - INFO - Processing completed. Stats: {'participants_created': 3, 'participants_updated': 47, 'courses_created': 50, 'courses_updated': 0, 'modules_created': 0, 'modules_updated': 50, 'participant_courses_created': 50, 'participant_courses_updated': 0}
2025-05-30 15:11:01,061 - app.services.dendreo_sync - INFO - Batch 30 completed: {'participants_created': 3, 'participants_updated': 47, 'courses_created': 50, 'courses_updated': 0, 'modules_created': 0, 'modules_updated': 50, 'participant_courses_created': 50, 'participant_courses_updated': 0}
2025-05-30 15:11:01,061 - app.services.dendreo_sync - INFO - Processing batch 31/53 (50 records)
2025-05-30 15:11:01,062 - app.services.data_processor - INFO - Processing 50 records...
2025-05-30 15:11:01,062 - app.services.data_processor - INFO - Processed 0/50 records...
2025-05-30 15:11:01,276 - app.services.data_processor - INFO - Processing completed. Stats: {'participants_created': 2, 'participants_updated': 48, 'courses_created': 50, 'courses_updated': 0, 'modules_created': 0, 'modules_updated': 50, 'participant_courses_created': 50, 'participant_courses_updated': 0}
2025-05-30 15:11:01,276 - app.services.dendreo_sync - INFO - Batch 31 completed: {'participants_created': 2, 'participants_updated': 48, 'courses_created': 50, 'courses_updated': 0, 'modules_created': 0, 'modules_updated': 50, 'participant_courses_created': 50, 'participant_courses_updated': 0}
2025-05-30 15:11:01,276 - app.services.dendreo_sync - INFO - Processing batch 32/53 (50 records)
2025-05-30 15:11:01,276 - app.services.data_processor - INFO - Processing 50 records...
2025-05-30 15:11:01,277 - app.services.data_processor - INFO - Processed 0/50 records...
2025-05-30 15:11:01,488 - app.services.data_processor - INFO - Processing completed. Stats: {'participants_created': 2, 'participants_updated': 48, 'courses_created': 50, 'courses_updated': 0, 'modules_created': 0, 'modules_updated': 50, 'participant_courses_created': 50, 'participant_courses_updated': 0}
2025-05-30 15:11:01,488 - app.services.dendreo_sync - INFO - Batch 32 completed: {'participants_created': 2, 'participants_updated': 48, 'courses_created': 50, 'courses_updated': 0, 'modules_created': 0, 'modules_updated': 50, 'participant_courses_created': 50, 'participant_courses_updated': 0}
2025-05-30 15:11:01,488 - app.services.dendreo_sync - INFO - Processing batch 33/53 (50 records)
2025-05-30 15:11:01,489 - app.services.data_processor - INFO - Processing 50 records...
2025-05-30 15:11:01,489 - app.services.data_processor - INFO - Processed 0/50 records...
2025-05-30 15:11:01,707 - app.services.data_processor - INFO - Processing completed. Stats: {'participants_created': 3, 'participants_updated': 47, 'courses_created': 50, 'courses_updated': 0, 'modules_created': 0, 'modules_updated': 50, 'participant_courses_created': 50, 'participant_courses_updated': 0}
2025-05-30 15:11:01,707 - app.services.dendreo_sync - INFO - Batch 33 completed: {'participants_created': 3, 'participants_updated': 47, 'courses_created': 50, 'courses_updated': 0, 'modules_created': 0, 'modules_updated': 50, 'participant_courses_created': 50, 'participant_courses_updated': 0}
2025-05-30 15:11:01,707 - app.services.dendreo_sync - INFO - Processing batch 34/53 (50 records)
2025-05-30 15:11:01,708 - app.services.data_processor - INFO - Processing 50 records...
2025-05-30 15:11:01,708 - app.services.data_processor - INFO - Processed 0/50 records...
2025-05-30 15:11:01,925 - app.services.data_processor - INFO - Processing completed. Stats: {'participants_created': 2, 'participants_updated': 48, 'courses_created': 50, 'courses_updated': 0, 'modules_created': 0, 'modules_updated': 50, 'participant_courses_created': 50, 'participant_courses_updated': 0}
2025-05-30 15:11:01,926 - app.services.dendreo_sync - INFO - Batch 34 completed: {'participants_created': 2, 'participants_updated': 48, 'courses_created': 50, 'courses_updated': 0, 'modules_created': 0, 'modules_updated': 50, 'participant_courses_created': 50, 'participant_courses_updated': 0}
2025-05-30 15:11:01,926 - app.services.dendreo_sync - INFO - Processing batch 35/53 (50 records)
2025-05-30 15:11:01,926 - app.services.data_processor - INFO - Processing 50 records...
2025-05-30 15:11:01,926 - app.services.data_processor - INFO - Processed 0/50 records...
2025-05-30 15:11:02,130 - app.services.data_processor - INFO - Processing completed. Stats: {'participants_created': 3, 'participants_updated': 47, 'courses_created': 50, 'courses_updated': 0, 'modules_created': 21, 'modules_updated': 29, 'participant_courses_created': 50, 'participant_courses_updated': 0}
2025-05-30 15:11:02,130 - app.services.dendreo_sync - INFO - Batch 35 completed: {'participants_created': 3, 'participants_updated': 47, 'courses_created': 50, 'courses_updated': 0, 'modules_created': 21, 'modules_updated': 29, 'participant_courses_created': 50, 'participant_courses_updated': 0}
2025-05-30 15:11:02,130 - app.services.dendreo_sync - INFO - Processing batch 36/53 (50 records)
2025-05-30 15:11:02,131 - app.services.data_processor - INFO - Processing 50 records...
2025-05-30 15:11:02,131 - app.services.data_processor - INFO - Processed 0/50 records...
2025-05-30 15:11:02,338 - app.services.data_processor - INFO - Processing completed. Stats: {'participants_created': 2, 'participants_updated': 48, 'courses_created': 50, 'courses_updated': 0, 'modules_created': 0, 'modules_updated': 50, 'participant_courses_created': 50, 'participant_courses_updated': 0}
2025-05-30 15:11:02,338 - app.services.dendreo_sync - INFO - Batch 36 completed: {'participants_created': 2, 'participants_updated': 48, 'courses_created': 50, 'courses_updated': 0, 'modules_created': 0, 'modules_updated': 50, 'participant_courses_created': 50, 'participant_courses_updated': 0}
2025-05-30 15:11:02,338 - app.services.dendreo_sync - INFO - Processing batch 37/53 (50 records)
2025-05-30 15:11:02,338 - app.services.data_processor - INFO - Processing 50 records...
2025-05-30 15:11:02,339 - app.services.data_processor - INFO - Processed 0/50 records...
2025-05-30 15:11:02,552 - app.services.data_processor - INFO - Processing completed. Stats: {'participants_created': 2, 'participants_updated': 48, 'courses_created': 50, 'courses_updated': 0, 'modules_created': 0, 'modules_updated': 50, 'participant_courses_created': 50, 'participant_courses_updated': 0}
2025-05-30 15:11:02,553 - app.services.dendreo_sync - INFO - Batch 37 completed: {'participants_created': 2, 'participants_updated': 48, 'courses_created': 50, 'courses_updated': 0, 'modules_created': 0, 'modules_updated': 50, 'participant_courses_created': 50, 'participant_courses_updated': 0}
2025-05-30 15:11:02,553 - app.services.dendreo_sync - INFO - Processing batch 38/53 (50 records)
2025-05-30 15:11:02,553 - app.services.data_processor - INFO - Processing 50 records...
2025-05-30 15:11:02,553 - app.services.data_processor - INFO - Processed 0/50 records...
2025-05-30 15:11:02,764 - app.services.data_processor - INFO - Processing completed. Stats: {'participants_created': 3, 'participants_updated': 47, 'courses_created': 50, 'courses_updated': 0, 'modules_created': 0, 'modules_updated': 50, 'participant_courses_created': 50, 'participant_courses_updated': 0}
2025-05-30 15:11:02,764 - app.services.dendreo_sync - INFO - Batch 38 completed: {'participants_created': 3, 'participants_updated': 47, 'courses_created': 50, 'courses_updated': 0, 'modules_created': 0, 'modules_updated': 50, 'participant_courses_created': 50, 'participant_courses_updated': 0}
2025-05-30 15:11:02,764 - app.services.dendreo_sync - INFO - Processing batch 39/53 (50 records)
2025-05-30 15:11:02,764 - app.services.data_processor - INFO - Processing 50 records...
2025-05-30 15:11:02,765 - app.services.data_processor - INFO - Processed 0/50 records...
2025-05-30 15:11:02,982 - app.services.data_processor - INFO - Processing completed. Stats: {'participants_created': 2, 'participants_updated': 48, 'courses_created': 50, 'courses_updated': 0, 'modules_created': 0, 'modules_updated': 50, 'participant_courses_created': 50, 'participant_courses_updated': 0}
2025-05-30 15:11:02,982 - app.services.dendreo_sync - INFO - Batch 39 completed: {'participants_created': 2, 'participants_updated': 48, 'courses_created': 50, 'courses_updated': 0, 'modules_created': 0, 'modules_updated': 50, 'participant_courses_created': 50, 'participant_courses_updated': 0}
2025-05-30 15:11:02,982 - app.services.dendreo_sync - INFO - Processing batch 40/53 (50 records)
2025-05-30 15:11:02,982 - app.services.data_processor - INFO - Processing 50 records...
2025-05-30 15:11:02,983 - app.services.data_processor - INFO - Processed 0/50 records...
2025-05-30 15:11:03,195 - app.services.data_processor - INFO - Processing completed. Stats: {'participants_created': 2, 'participants_updated': 48, 'courses_created': 50, 'courses_updated': 0, 'modules_created': 0, 'modules_updated': 50, 'participant_courses_created': 50, 'participant_courses_updated': 0}
2025-05-30 15:11:03,196 - app.services.dendreo_sync - INFO - Batch 40 completed: {'participants_created': 2, 'participants_updated': 48, 'courses_created': 50, 'courses_updated': 0, 'modules_created': 0, 'modules_updated': 50, 'participant_courses_created': 50, 'participant_courses_updated': 0}
2025-05-30 15:11:03,196 - app.services.dendreo_sync - INFO - Processing batch 41/53 (50 records)
2025-05-30 15:11:03,196 - app.services.data_processor - INFO - Processing 50 records...
2025-05-30 15:11:03,197 - app.services.data_processor - INFO - Processed 0/50 records...
2025-05-30 15:11:03,411 - app.services.data_processor - INFO - Processing completed. Stats: {'participants_created': 3, 'participants_updated': 47, 'courses_created': 50, 'courses_updated': 0, 'modules_created': 0, 'modules_updated': 50, 'participant_courses_created': 50, 'participant_courses_updated': 0}
2025-05-30 15:11:03,412 - app.services.dendreo_sync - INFO - Batch 41 completed: {'participants_created': 3, 'participants_updated': 47, 'courses_created': 50, 'courses_updated': 0, 'modules_created': 0, 'modules_updated': 50, 'participant_courses_created': 50, 'participant_courses_updated': 0}
2025-05-30 15:11:03,412 - app.services.dendreo_sync - INFO - Processing batch 42/53 (50 records)
2025-05-30 15:11:03,412 - app.services.data_processor - INFO - Processing 50 records...
2025-05-30 15:11:03,412 - app.services.data_processor - INFO - Processed 0/50 records...
2025-05-30 15:11:03,628 - app.services.data_processor - INFO - Processing completed. Stats: {'participants_created': 2, 'participants_updated': 48, 'courses_created': 50, 'courses_updated': 0, 'modules_created': 0, 'modules_updated': 50, 'participant_courses_created': 50, 'participant_courses_updated': 0}
2025-05-30 15:11:03,629 - app.services.dendreo_sync - INFO - Batch 42 completed: {'participants_created': 2, 'participants_updated': 48, 'courses_created': 50, 'courses_updated': 0, 'modules_created': 0, 'modules_updated': 50, 'participant_courses_created': 50, 'participant_courses_updated': 0}
2025-05-30 15:11:03,629 - app.services.dendreo_sync - INFO - Processing batch 43/53 (50 records)
2025-05-30 15:11:03,629 - app.services.data_processor - INFO - Processing 50 records...
2025-05-30 15:11:03,629 - app.services.data_processor - INFO - Processed 0/50 records...
2025-05-30 15:11:03,850 - app.services.data_processor - INFO - Processing completed. Stats: {'participants_created': 3, 'participants_updated': 47, 'courses_created': 50, 'courses_updated': 0, 'modules_created': 2, 'modules_updated': 48, 'participant_courses_created': 50, 'participant_courses_updated': 0}
2025-05-30 15:11:03,850 - app.services.dendreo_sync - INFO - Batch 43 completed: {'participants_created': 3, 'participants_updated': 47, 'courses_created': 50, 'courses_updated': 0, 'modules_created': 2, 'modules_updated': 48, 'participant_courses_created': 50, 'participant_courses_updated': 0}
2025-05-30 15:11:03,850 - app.services.dendreo_sync - INFO - Processing batch 44/53 (50 records)
2025-05-30 15:11:03,850 - app.services.data_processor - INFO - Processing 50 records...
2025-05-30 15:11:03,851 - app.services.data_processor - INFO - Processed 0/50 records...
2025-05-30 15:11:04,066 - app.services.data_processor - INFO - Processing completed. Stats: {'participants_created': 2, 'participants_updated': 48, 'courses_created': 50, 'courses_updated': 0, 'modules_created': 19, 'modules_updated': 31, 'participant_courses_created': 50, 'participant_courses_updated': 0}
2025-05-30 15:11:04,066 - app.services.dendreo_sync - INFO - Batch 44 completed: {'participants_created': 2, 'participants_updated': 48, 'courses_created': 50, 'courses_updated': 0, 'modules_created': 19, 'modules_updated': 31, 'participant_courses_created': 50, 'participant_courses_updated': 0}
2025-05-30 15:11:04,067 - app.services.dendreo_sync - INFO - Processing batch 45/53 (50 records)
2025-05-30 15:11:04,067 - app.services.data_processor - INFO - Processing 50 records...
2025-05-30 15:11:04,067 - app.services.data_processor - INFO - Processed 0/50 records...
2025-05-30 15:11:04,282 - app.services.data_processor - INFO - Processing completed. Stats: {'participants_created': 2, 'participants_updated': 48, 'courses_created': 50, 'courses_updated': 0, 'modules_created': 0, 'modules_updated': 50, 'participant_courses_created': 50, 'participant_courses_updated': 0}
2025-05-30 15:11:04,282 - app.services.dendreo_sync - INFO - Batch 45 completed: {'participants_created': 2, 'participants_updated': 48, 'courses_created': 50, 'courses_updated': 0, 'modules_created': 0, 'modules_updated': 50, 'participant_courses_created': 50, 'participant_courses_updated': 0}
2025-05-30 15:11:04,282 - app.services.dendreo_sync - INFO - Processing batch 46/53 (50 records)
2025-05-30 15:11:04,282 - app.services.data_processor - INFO - Processing 50 records...
2025-05-30 15:11:04,283 - app.services.data_processor - INFO - Processed 0/50 records...
2025-05-30 15:11:04,494 - app.services.data_processor - INFO - Processing completed. Stats: {'participants_created': 3, 'participants_updated': 47, 'courses_created': 50, 'courses_updated': 0, 'modules_created': 0, 'modules_updated': 50, 'participant_courses_created': 50, 'participant_courses_updated': 0}
2025-05-30 15:11:04,494 - app.services.dendreo_sync - INFO - Batch 46 completed: {'participants_created': 3, 'participants_updated': 47, 'courses_created': 50, 'courses_updated': 0, 'modules_created': 0, 'modules_updated': 50, 'participant_courses_created': 50, 'participant_courses_updated': 0}
2025-05-30 15:11:04,494 - app.services.dendreo_sync - INFO - Processing batch 47/53 (50 records)
2025-05-30 15:11:04,495 - app.services.data_processor - INFO - Processing 50 records...
2025-05-30 15:11:04,495 - app.services.data_processor - INFO - Processed 0/50 records...
2025-05-30 15:11:04,733 - app.services.data_processor - INFO - Processing completed. Stats: {'participants_created': 2, 'participants_updated': 48, 'courses_created': 50, 'courses_updated': 0, 'modules_created': 0, 'modules_updated': 50, 'participant_courses_created': 50, 'participant_courses_updated': 0}
2025-05-30 15:11:04,733 - app.services.dendreo_sync - INFO - Batch 47 completed: {'participants_created': 2, 'participants_updated': 48, 'courses_created': 50, 'courses_updated': 0, 'modules_created': 0, 'modules_updated': 50, 'participant_courses_created': 50, 'participant_courses_updated': 0}
2025-05-30 15:11:04,734 - app.services.dendreo_sync - INFO - Processing batch 48/53 (50 records)
2025-05-30 15:11:04,734 - app.services.data_processor - INFO - Processing 50 records...
2025-05-30 15:11:04,734 - app.services.data_processor - INFO - Processed 0/50 records...
2025-05-30 15:11:04,951 - app.services.data_processor - INFO - Processing completed. Stats: {'participants_created': 2, 'participants_updated': 48, 'courses_created': 50, 'courses_updated': 0, 'modules_created': 0, 'modules_updated': 50, 'participant_courses_created': 50, 'participant_courses_updated': 0}
2025-05-30 15:11:04,952 - app.services.dendreo_sync - INFO - Batch 48 completed: {'participants_created': 2, 'participants_updated': 48, 'courses_created': 50, 'courses_updated': 0, 'modules_created': 0, 'modules_updated': 50, 'participant_courses_created': 50, 'participant_courses_updated': 0}
2025-05-30 15:11:04,952 - app.services.dendreo_sync - INFO - Processing batch 49/53 (50 records)
2025-05-30 15:11:04,952 - app.services.data_processor - INFO - Processing 50 records...
2025-05-30 15:11:04,952 - app.services.data_processor - INFO - Processed 0/50 records...
2025-05-30 15:11:05,170 - app.services.data_processor - INFO - Processing completed. Stats: {'participants_created': 3, 'participants_updated': 47, 'courses_created': 50, 'courses_updated': 0, 'modules_created': 0, 'modules_updated': 50, 'participant_courses_created': 50, 'participant_courses_updated': 0}
2025-05-30 15:11:05,170 - app.services.dendreo_sync - INFO - Batch 49 completed: {'participants_created': 3, 'participants_updated': 47, 'courses_created': 50, 'courses_updated': 0, 'modules_created': 0, 'modules_updated': 50, 'participant_courses_created': 50, 'participant_courses_updated': 0}
2025-05-30 15:11:05,171 - app.services.dendreo_sync - INFO - Processing batch 50/53 (50 records)
2025-05-30 15:11:05,171 - app.services.data_processor - INFO - Processing 50 records...
2025-05-30 15:11:05,171 - app.services.data_processor - INFO - Processed 0/50 records...
2025-05-30 15:11:05,388 - app.services.data_processor - INFO - Processing completed. Stats: {'participants_created': 4, 'participants_updated': 46, 'courses_created': 50, 'courses_updated': 0, 'modules_created': 1, 'modules_updated': 49, 'participant_courses_created': 50, 'participant_courses_updated': 0}
2025-05-30 15:11:05,389 - app.services.dendreo_sync - INFO - Batch 50 completed: {'participants_created': 4, 'participants_updated': 46, 'courses_created': 50, 'courses_updated': 0, 'modules_created': 1, 'modules_updated': 49, 'participant_courses_created': 50, 'participant_courses_updated': 0}
2025-05-30 15:11:05,389 - app.services.dendreo_sync - INFO - Processing batch 51/53 (50 records)
2025-05-30 15:11:05,389 - app.services.data_processor - INFO - Processing 50 records...
2025-05-30 15:11:05,389 - app.services.data_processor - INFO - Processed 0/50 records...
2025-05-30 15:11:05,607 - app.services.data_processor - INFO - Processing completed. Stats: {'participants_created': 3, 'participants_updated': 47, 'courses_created': 50, 'courses_updated': 0, 'modules_created': 8, 'modules_updated': 42, 'participant_courses_created': 50, 'participant_courses_updated': 0}
2025-05-30 15:11:05,608 - app.services.dendreo_sync - INFO - Batch 51 completed: {'participants_created': 3, 'participants_updated': 47, 'courses_created': 50, 'courses_updated': 0, 'modules_created': 8, 'modules_updated': 42, 'participant_courses_created': 50, 'participant_courses_updated': 0}
2025-05-30 15:11:05,608 - app.services.dendreo_sync - INFO - Processing batch 52/53 (50 records)
2025-05-30 15:11:05,608 - app.services.data_processor - INFO - Processing 50 records...
2025-05-30 15:11:05,608 - app.services.data_processor - INFO - Processed 0/50 records...
2025-05-30 15:11:05,844 - app.services.data_processor - INFO - Processing completed. Stats: {'participants_created': 7, 'participants_updated': 43, 'courses_created': 50, 'courses_updated': 0, 'modules_created': 11, 'modules_updated': 39, 'participant_courses_created': 50, 'participant_courses_updated': 0}
2025-05-30 15:11:05,845 - app.services.dendreo_sync - INFO - Batch 52 completed: {'participants_created': 7, 'participants_updated': 43, 'courses_created': 50, 'courses_updated': 0, 'modules_created': 11, 'modules_updated': 39, 'participant_courses_created': 50, 'participant_courses_updated': 0}
2025-05-30 15:11:05,845 - app.services.dendreo_sync - INFO - Processing batch 53/53 (45 records)
2025-05-30 15:11:05,845 - app.services.data_processor - INFO - Processing 45 records...
2025-05-30 15:11:05,845 - app.services.data_processor - INFO - Processed 0/45 records...
2025-05-30 15:11:06,045 - app.services.data_processor - INFO - Processing completed. Stats: {'participants_created': 5, 'participants_updated': 40, 'courses_created': 45, 'courses_updated': 0, 'modules_created': 18, 'modules_updated': 27, 'participant_courses_created': 45, 'participant_courses_updated': 0}
2025-05-30 15:11:06,046 - app.services.dendreo_sync - INFO - Batch 53 completed: {'participants_created': 5, 'participants_updated': 40, 'courses_created': 45, 'courses_updated': 0, 'modules_created': 18, 'modules_updated': 27, 'participant_courses_created': 45, 'participant_courses_updated': 0}
2025-05-30 15:25:10,991 - app.services.dendreo_client - INFO - Initialized DendreoClient with base URL: https://pro.dendreo.com/competences_et_metiers/api
2025-05-30 15:25:54,433 - app.services.dendreo_client - INFO - Initialized DendreoClient with base URL: https://pro.dendreo.com/competences_et_metiers/api
2025-05-30 15:26:41,104 - app.services.dendreo_client - INFO - Initialized DendreoClient with base URL: https://pro.dendreo.com/competences_et_metiers/api
2025-05-30 15:27:30,693 - app.services.dendreo_client - INFO - Initialized DendreoClient with base URL: https://pro.dendreo.com/competences_et_metiers/api
2025-05-30 15:27:39,969 - app.services.dendreo_client - INFO - Initialized DendreoClient with base URL: https://pro.dendreo.com/competences_et_metiers/api
2025-05-30 15:29:06,841 - app.services.dendreo_client - INFO - Initialized DendreoClient with base URL: https://pro.dendreo.com/competences_et_metiers/api
2025-05-30 15:29:07,791 - app.services.dendreo_client - INFO - Initialized DendreoClient with base URL: https://pro.dendreo.com/competences_et_metiers/api
2025-05-30 15:29:15,732 - app.services.dendreo_client - INFO - Initialized DendreoClient with base URL: https://pro.dendreo.com/competences_et_metiers/api
2025-05-30 15:29:15,733 - app.services.dendreo_sync - ERROR - Error during sync: 'DendreoClient' object has no attribute 'get_lmps'
2025-05-30 15:30:06,173 - app.services.dendreo_client - INFO - Initialized DendreoClient with base URL: https://pro.dendreo.com/competences_et_metiers/api
2025-05-30 15:30:23,856 - app.services.dendreo_client - INFO - Initialized DendreoClient with base URL: https://pro.dendreo.com/competences_et_metiers/api
2025-05-30 15:30:24,770 - app.services.dendreo_client - INFO - Initialized DendreoClient with base URL: https://pro.dendreo.com/competences_et_metiers/api
2025-05-30 15:30:30,534 - app.services.dendreo_client - INFO - Initialized DendreoClient with base URL: https://pro.dendreo.com/competences_et_metiers/api
2025-05-30 15:30:30,535 - app.services.dendreo_client - INFO - Making request to Dendreo API: https://pro.dendreo.com/competences_et_metiers/api/lmps.php
2025-05-30 15:30:38,562 - httpx - INFO - HTTP Request: GET https://pro.dendreo.com/competences_et_metiers/api/lmps.php?include=participant%2Cmodule&key=BaBVostSCz5RTGIwszf8 "HTTP/1.1 200 OK"
2025-05-30 15:30:39,256 - app.services.dendreo_client - INFO - Making request to Dendreo API: https://pro.dendreo.com/competences_et_metiers/api/actions_de_formation.php
2025-05-30 15:30:40,143 - httpx - INFO - HTTP Request: GET https://pro.dendreo.com/competences_et_metiers/api/actions_de_formation.php?include=modules%2Cparticipant%2CetapeProcess&key=BaBVostSCz5RTGIwszf8 "HTTP/1.1 200 OK"
2025-05-30 15:30:40,178 - app.services.dendreo_client - INFO - Making request to Dendreo API: https://pro.dendreo.com/competences_et_metiers/api/laps.php
2025-05-30 15:30:40,592 - httpx - INFO - HTTP Request: GET https://pro.dendreo.com/competences_et_metiers/api/laps.php?id_action_de_formation=115&include=participactions&key=BaBVostSCz5RTGIwszf8 "HTTP/1.1 200 OK"
2025-05-30 15:30:40,674 - app.services.dendreo_client - INFO - Making request to Dendreo API: https://pro.dendreo.com/competences_et_metiers/api/laps.php
2025-05-30 15:30:41,152 - httpx - INFO - HTTP Request: GET https://pro.dendreo.com/competences_et_metiers/api/laps.php?id_action_de_formation=119&include=participactions&key=BaBVostSCz5RTGIwszf8 "HTTP/1.1 200 OK"
2025-05-30 15:30:41,159 - app.services.dendreo_client - INFO - Making request to Dendreo API: https://pro.dendreo.com/competences_et_metiers/api/laps.php
2025-05-30 15:30:41,631 - httpx - INFO - HTTP Request: GET https://pro.dendreo.com/competences_et_metiers/api/laps.php?id_action_de_formation=124&include=participactions&key=BaBVostSCz5RTGIwszf8 "HTTP/1.1 200 OK"
2025-05-30 15:30:41,634 - app.services.dendreo_client - INFO - Making request to Dendreo API: https://pro.dendreo.com/competences_et_metiers/api/laps.php
2025-05-30 15:30:42,115 - httpx - INFO - HTTP Request: GET https://pro.dendreo.com/competences_et_metiers/api/laps.php?id_action_de_formation=132&include=participactions&key=BaBVostSCz5RTGIwszf8 "HTTP/1.1 200 OK"
2025-05-30 15:30:42,118 - app.services.dendreo_client - INFO - Making request to Dendreo API: https://pro.dendreo.com/competences_et_metiers/api/laps.php
2025-05-30 15:30:42,593 - httpx - INFO - HTTP Request: GET https://pro.dendreo.com/competences_et_metiers/api/laps.php?id_action_de_formation=133&include=participactions&key=BaBVostSCz5RTGIwszf8 "HTTP/1.1 200 OK"
2025-05-30 15:30:42,596 - app.services.dendreo_client - INFO - Making request to Dendreo API: https://pro.dendreo.com/competences_et_metiers/api/laps.php
2025-05-30 15:30:43,038 - httpx - INFO - HTTP Request: GET https://pro.dendreo.com/competences_et_metiers/api/laps.php?id_action_de_formation=134&include=participactions&key=BaBVostSCz5RTGIwszf8 "HTTP/1.1 200 OK"
2025-05-30 15:30:43,040 - app.services.dendreo_client - INFO - Making request to Dendreo API: https://pro.dendreo.com/competences_et_metiers/api/laps.php
2025-05-30 15:30:43,498 - httpx - INFO - HTTP Request: GET https://pro.dendreo.com/competences_et_metiers/api/laps.php?id_action_de_formation=140&include=participactions&key=BaBVostSCz5RTGIwszf8 "HTTP/1.1 200 OK"
2025-05-30 15:30:43,502 - app.services.dendreo_client - INFO - Making request to Dendreo API: https://pro.dendreo.com/competences_et_metiers/api/laps.php
2025-05-30 15:30:44,038 - httpx - INFO - HTTP Request: GET https://pro.dendreo.com/competences_et_metiers/api/laps.php?id_action_de_formation=141&include=participactions&key=BaBVostSCz5RTGIwszf8 "HTTP/1.1 200 OK"
2025-05-30 15:30:44,052 - app.services.dendreo_client - INFO - Making request to Dendreo API: https://pro.dendreo.com/competences_et_metiers/api/laps.php
2025-05-30 15:30:44,556 - httpx - INFO - HTTP Request: GET https://pro.dendreo.com/competences_et_metiers/api/laps.php?id_action_de_formation=149&include=participactions&key=BaBVostSCz5RTGIwszf8 "HTTP/1.1 200 OK"
2025-05-30 15:30:44,561 - app.services.dendreo_client - INFO - Making request to Dendreo API: https://pro.dendreo.com/competences_et_metiers/api/laps.php
2025-05-30 15:30:45,011 - httpx - INFO - HTTP Request: GET https://pro.dendreo.com/competences_et_metiers/api/laps.php?id_action_de_formation=150&include=participactions&key=BaBVostSCz5RTGIwszf8 "HTTP/1.1 200 OK"
2025-05-30 15:30:45,014 - app.services.dendreo_client - INFO - Making request to Dendreo API: https://pro.dendreo.com/competences_et_metiers/api/laps.php
2025-05-30 15:30:45,468 - httpx - INFO - HTTP Request: GET https://pro.dendreo.com/competences_et_metiers/api/laps.php?id_action_de_formation=152&include=participactions&key=BaBVostSCz5RTGIwszf8 "HTTP/1.1 200 OK"
2025-05-30 15:30:45,471 - app.services.dendreo_client - INFO - Making request to Dendreo API: https://pro.dendreo.com/competences_et_metiers/api/laps.php
2025-05-30 15:30:45,935 - httpx - INFO - HTTP Request: GET https://pro.dendreo.com/competences_et_metiers/api/laps.php?id_action_de_formation=157&include=participactions&key=BaBVostSCz5RTGIwszf8 "HTTP/1.1 200 OK"
2025-05-30 15:30:45,948 - app.services.dendreo_client - INFO - Making request to Dendreo API: https://pro.dendreo.com/competences_et_metiers/api/laps.php
2025-05-30 15:30:46,404 - httpx - INFO - HTTP Request: GET https://pro.dendreo.com/competences_et_metiers/api/laps.php?id_action_de_formation=158&include=participactions&key=BaBVostSCz5RTGIwszf8 "HTTP/1.1 200 OK"
2025-05-30 15:30:46,407 - app.services.dendreo_client - INFO - Making request to Dendreo API: https://pro.dendreo.com/competences_et_metiers/api/laps.php
2025-05-30 15:30:46,862 - httpx - INFO - HTTP Request: GET https://pro.dendreo.com/competences_et_metiers/api/laps.php?id_action_de_formation=159&include=participactions&key=BaBVostSCz5RTGIwszf8 "HTTP/1.1 200 OK"
2025-05-30 15:30:46,867 - app.services.dendreo_client - INFO - Making request to Dendreo API: https://pro.dendreo.com/competences_et_metiers/api/laps.php
2025-05-30 15:30:47,276 - httpx - INFO - HTTP Request: GET https://pro.dendreo.com/competences_et_metiers/api/laps.php?id_action_de_formation=160&include=participactions&key=BaBVostSCz5RTGIwszf8 "HTTP/1.1 200 OK"
2025-05-30 15:30:47,278 - app.services.dendreo_client - INFO - Making request to Dendreo API: https://pro.dendreo.com/competences_et_metiers/api/laps.php
2025-05-30 15:30:47,740 - httpx - INFO - HTTP Request: GET https://pro.dendreo.com/competences_et_metiers/api/laps.php?id_action_de_formation=161&include=participactions&key=BaBVostSCz5RTGIwszf8 "HTTP/1.1 200 OK"
2025-05-30 15:30:47,742 - app.services.dendreo_client - INFO - Making request to Dendreo API: https://pro.dendreo.com/competences_et_metiers/api/laps.php
2025-05-30 15:30:48,155 - httpx - INFO - HTTP Request: GET https://pro.dendreo.com/competences_et_metiers/api/laps.php?id_action_de_formation=162&include=participactions&key=BaBVostSCz5RTGIwszf8 "HTTP/1.1 200 OK"
2025-05-30 15:30:48,157 - app.services.dendreo_client - INFO - Making request to Dendreo API: https://pro.dendreo.com/competences_et_metiers/api/laps.php
2025-05-30 15:30:48,595 - httpx - INFO - HTTP Request: GET https://pro.dendreo.com/competences_et_metiers/api/laps.php?id_action_de_formation=163&include=participactions&key=BaBVostSCz5RTGIwszf8 "HTTP/1.1 200 OK"
2025-05-30 15:30:48,597 - app.services.dendreo_client - INFO - Making request to Dendreo API: https://pro.dendreo.com/competences_et_metiers/api/laps.php
2025-05-30 15:30:49,047 - httpx - INFO - HTTP Request: GET https://pro.dendreo.com/competences_et_metiers/api/laps.php?id_action_de_formation=164&include=participactions&key=BaBVostSCz5RTGIwszf8 "HTTP/1.1 200 OK"
2025-05-30 15:30:49,049 - app.services.dendreo_client - INFO - Making request to Dendreo API: https://pro.dendreo.com/competences_et_metiers/api/laps.php
2025-05-30 15:30:49,479 - httpx - INFO - HTTP Request: GET https://pro.dendreo.com/competences_et_metiers/api/laps.php?id_action_de_formation=165&include=participactions&key=BaBVostSCz5RTGIwszf8 "HTTP/1.1 200 OK"
2025-05-30 15:30:49,484 - app.services.dendreo_client - INFO - Making request to Dendreo API: https://pro.dendreo.com/competences_et_metiers/api/laps.php
2025-05-30 15:30:49,930 - httpx - INFO - HTTP Request: GET https://pro.dendreo.com/competences_et_metiers/api/laps.php?id_action_de_formation=166&include=participactions&key=BaBVostSCz5RTGIwszf8 "HTTP/1.1 200 OK"
2025-05-30 15:30:49,934 - app.services.dendreo_client - INFO - Making request to Dendreo API: https://pro.dendreo.com/competences_et_metiers/api/laps.php
2025-05-30 15:30:50,338 - httpx - INFO - HTTP Request: GET https://pro.dendreo.com/competences_et_metiers/api/laps.php?id_action_de_formation=167&include=participactions&key=BaBVostSCz5RTGIwszf8 "HTTP/1.1 200 OK"
2025-05-30 15:30:50,341 - app.services.dendreo_client - INFO - Making request to Dendreo API: https://pro.dendreo.com/competences_et_metiers/api/laps.php
2025-05-30 15:30:50,747 - httpx - INFO - HTTP Request: GET https://pro.dendreo.com/competences_et_metiers/api/laps.php?id_action_de_formation=168&include=participactions&key=BaBVostSCz5RTGIwszf8 "HTTP/1.1 200 OK"
2025-05-30 15:30:50,751 - app.services.dendreo_client - INFO - Making request to Dendreo API: https://pro.dendreo.com/competences_et_metiers/api/laps.php
2025-05-30 15:30:51,175 - httpx - INFO - HTTP Request: GET https://pro.dendreo.com/competences_et_metiers/api/laps.php?id_action_de_formation=169&include=participactions&key=BaBVostSCz5RTGIwszf8 "HTTP/1.1 200 OK"
2025-05-30 15:30:51,179 - app.services.dendreo_client - INFO - Making request to Dendreo API: https://pro.dendreo.com/competences_et_metiers/api/laps.php
2025-05-30 15:30:51,679 - httpx - INFO - HTTP Request: GET https://pro.dendreo.com/competences_et_metiers/api/laps.php?id_action_de_formation=170&include=participactions&key=BaBVostSCz5RTGIwszf8 "HTTP/1.1 200 OK"
2025-05-30 15:30:51,682 - app.services.dendreo_client - INFO - Making request to Dendreo API: https://pro.dendreo.com/competences_et_metiers/api/laps.php
2025-05-30 15:30:52,104 - httpx - INFO - HTTP Request: GET https://pro.dendreo.com/competences_et_metiers/api/laps.php?id_action_de_formation=171&include=participactions&key=BaBVostSCz5RTGIwszf8 "HTTP/1.1 200 OK"
2025-05-30 15:30:52,109 - app.services.dendreo_client - INFO - Making request to Dendreo API: https://pro.dendreo.com/competences_et_metiers/api/laps.php
2025-05-30 15:30:52,554 - httpx - INFO - HTTP Request: GET https://pro.dendreo.com/competences_et_metiers/api/laps.php?id_action_de_formation=172&include=participactions&key=BaBVostSCz5RTGIwszf8 "HTTP/1.1 200 OK"
2025-05-30 15:30:52,557 - app.services.dendreo_client - INFO - Making request to Dendreo API: https://pro.dendreo.com/competences_et_metiers/api/laps.php
2025-05-30 15:30:52,989 - httpx - INFO - HTTP Request: GET https://pro.dendreo.com/competences_et_metiers/api/laps.php?id_action_de_formation=173&include=participactions&key=BaBVostSCz5RTGIwszf8 "HTTP/1.1 200 OK"
2025-05-30 15:30:52,993 - app.services.dendreo_client - INFO - Making request to Dendreo API: https://pro.dendreo.com/competences_et_metiers/api/laps.php
2025-05-30 15:30:53,427 - httpx - INFO - HTTP Request: GET https://pro.dendreo.com/competences_et_metiers/api/laps.php?id_action_de_formation=174&include=participactions&key=BaBVostSCz5RTGIwszf8 "HTTP/1.1 200 OK"
2025-05-30 15:30:53,429 - app.services.dendreo_client - INFO - Making request to Dendreo API: https://pro.dendreo.com/competences_et_metiers/api/laps.php
2025-05-30 15:30:53,880 - httpx - INFO - HTTP Request: GET https://pro.dendreo.com/competences_et_metiers/api/laps.php?id_action_de_formation=175&include=participactions&key=BaBVostSCz5RTGIwszf8 "HTTP/1.1 200 OK"
2025-05-30 15:30:53,883 - app.services.dendreo_client - INFO - Making request to Dendreo API: https://pro.dendreo.com/competences_et_metiers/api/laps.php
2025-05-30 15:30:54,323 - httpx - INFO - HTTP Request: GET https://pro.dendreo.com/competences_et_metiers/api/laps.php?id_action_de_formation=176&include=participactions&key=BaBVostSCz5RTGIwszf8 "HTTP/1.1 200 OK"
2025-05-30 15:30:54,327 - app.services.dendreo_client - INFO - Making request to Dendreo API: https://pro.dendreo.com/competences_et_metiers/api/laps.php
2025-05-30 15:30:54,785 - httpx - INFO - HTTP Request: GET https://pro.dendreo.com/competences_et_metiers/api/laps.php?id_action_de_formation=177&include=participactions&key=BaBVostSCz5RTGIwszf8 "HTTP/1.1 200 OK"
2025-05-30 15:30:54,787 - app.services.dendreo_client - INFO - Making request to Dendreo API: https://pro.dendreo.com/competences_et_metiers/api/laps.php
2025-05-30 15:30:55,294 - httpx - INFO - HTTP Request: GET https://pro.dendreo.com/competences_et_metiers/api/laps.php?id_action_de_formation=178&include=participactions&key=BaBVostSCz5RTGIwszf8 "HTTP/1.1 200 OK"
2025-05-30 15:30:55,297 - app.services.dendreo_client - INFO - Making request to Dendreo API: https://pro.dendreo.com/competences_et_metiers/api/laps.php
2025-05-30 15:30:55,728 - httpx - INFO - HTTP Request: GET https://pro.dendreo.com/competences_et_metiers/api/laps.php?id_action_de_formation=179&include=participactions&key=BaBVostSCz5RTGIwszf8 "HTTP/1.1 200 OK"
2025-05-30 15:30:55,732 - app.services.dendreo_client - INFO - Making request to Dendreo API: https://pro.dendreo.com/competences_et_metiers/api/laps.php
2025-05-30 15:30:56,165 - httpx - INFO - HTTP Request: GET https://pro.dendreo.com/competences_et_metiers/api/laps.php?id_action_de_formation=180&include=participactions&key=BaBVostSCz5RTGIwszf8 "HTTP/1.1 200 OK"
2025-05-30 15:30:56,168 - app.services.dendreo_client - INFO - Making request to Dendreo API: https://pro.dendreo.com/competences_et_metiers/api/laps.php
2025-05-30 15:30:56,610 - httpx - INFO - HTTP Request: GET https://pro.dendreo.com/competences_et_metiers/api/laps.php?id_action_de_formation=181&include=participactions&key=BaBVostSCz5RTGIwszf8 "HTTP/1.1 200 OK"
2025-05-30 15:30:56,613 - app.services.dendreo_client - INFO - Making request to Dendreo API: https://pro.dendreo.com/competences_et_metiers/api/laps.php
2025-05-30 15:30:57,049 - httpx - INFO - HTTP Request: GET https://pro.dendreo.com/competences_et_metiers/api/laps.php?id_action_de_formation=182&include=participactions&key=BaBVostSCz5RTGIwszf8 "HTTP/1.1 200 OK"
2025-05-30 15:30:57,051 - app.services.dendreo_client - INFO - Making request to Dendreo API: https://pro.dendreo.com/competences_et_metiers/api/laps.php
2025-05-30 15:30:57,511 - httpx - INFO - HTTP Request: GET https://pro.dendreo.com/competences_et_metiers/api/laps.php?id_action_de_formation=183&include=participactions&key=BaBVostSCz5RTGIwszf8 "HTTP/1.1 200 OK"
2025-05-30 15:30:57,515 - app.services.dendreo_client - INFO - Making request to Dendreo API: https://pro.dendreo.com/competences_et_metiers/api/laps.php
2025-05-30 15:30:57,962 - httpx - INFO - HTTP Request: GET https://pro.dendreo.com/competences_et_metiers/api/laps.php?id_action_de_formation=184&include=participactions&key=BaBVostSCz5RTGIwszf8 "HTTP/1.1 200 OK"
2025-05-30 15:30:57,967 - app.services.dendreo_client - INFO - Making request to Dendreo API: https://pro.dendreo.com/competences_et_metiers/api/laps.php
2025-05-30 15:30:58,403 - httpx - INFO - HTTP Request: GET https://pro.dendreo.com/competences_et_metiers/api/laps.php?id_action_de_formation=185&include=participactions&key=BaBVostSCz5RTGIwszf8 "HTTP/1.1 200 OK"
2025-05-30 15:30:58,406 - app.services.dendreo_client - INFO - Making request to Dendreo API: https://pro.dendreo.com/competences_et_metiers/api/laps.php
2025-05-30 15:30:58,852 - httpx - INFO - HTTP Request: GET https://pro.dendreo.com/competences_et_metiers/api/laps.php?id_action_de_formation=186&include=participactions&key=BaBVostSCz5RTGIwszf8 "HTTP/1.1 200 OK"
2025-05-30 15:30:58,855 - app.services.dendreo_client - INFO - Making request to Dendreo API: https://pro.dendreo.com/competences_et_metiers/api/laps.php
2025-05-30 15:30:59,262 - httpx - INFO - HTTP Request: GET https://pro.dendreo.com/competences_et_metiers/api/laps.php?id_action_de_formation=187&include=participactions&key=BaBVostSCz5RTGIwszf8 "HTTP/1.1 200 OK"
2025-05-30 15:30:59,267 - app.services.dendreo_client - INFO - Making request to Dendreo API: https://pro.dendreo.com/competences_et_metiers/api/laps.php
2025-05-30 15:30:59,674 - httpx - INFO - HTTP Request: GET https://pro.dendreo.com/competences_et_metiers/api/laps.php?id_action_de_formation=188&include=participactions&key=BaBVostSCz5RTGIwszf8 "HTTP/1.1 200 OK"
2025-05-30 15:30:59,678 - app.services.dendreo_client - INFO - Making request to Dendreo API: https://pro.dendreo.com/competences_et_metiers/api/laps.php
2025-05-30 15:31:00,098 - httpx - INFO - HTTP Request: GET https://pro.dendreo.com/competences_et_metiers/api/laps.php?id_action_de_formation=189&include=participactions&key=BaBVostSCz5RTGIwszf8 "HTTP/1.1 200 OK"
2025-05-30 15:31:00,102 - app.services.dendreo_client - INFO - Making request to Dendreo API: https://pro.dendreo.com/competences_et_metiers/api/laps.php
2025-05-30 15:31:00,541 - httpx - INFO - HTTP Request: GET https://pro.dendreo.com/competences_et_metiers/api/laps.php?id_action_de_formation=190&include=participactions&key=BaBVostSCz5RTGIwszf8 "HTTP/1.1 200 OK"
2025-05-30 15:31:00,545 - app.services.dendreo_client - INFO - Making request to Dendreo API: https://pro.dendreo.com/competences_et_metiers/api/laps.php
2025-05-30 15:31:01,007 - httpx - INFO - HTTP Request: GET https://pro.dendreo.com/competences_et_metiers/api/laps.php?id_action_de_formation=191&include=participactions&key=BaBVostSCz5RTGIwszf8 "HTTP/1.1 200 OK"
2025-05-30 15:31:01,009 - app.services.dendreo_client - INFO - Making request to Dendreo API: https://pro.dendreo.com/competences_et_metiers/api/laps.php
2025-05-30 15:31:01,457 - httpx - INFO - HTTP Request: GET https://pro.dendreo.com/competences_et_metiers/api/laps.php?id_action_de_formation=192&include=participactions&key=BaBVostSCz5RTGIwszf8 "HTTP/1.1 200 OK"
2025-05-30 15:31:01,459 - app.services.dendreo_client - INFO - Making request to Dendreo API: https://pro.dendreo.com/competences_et_metiers/api/laps.php
2025-05-30 15:31:01,861 - httpx - INFO - HTTP Request: GET https://pro.dendreo.com/competences_et_metiers/api/laps.php?id_action_de_formation=193&include=participactions&key=BaBVostSCz5RTGIwszf8 "HTTP/1.1 200 OK"
2025-05-30 15:31:01,866 - app.services.dendreo_client - INFO - Making request to Dendreo API: https://pro.dendreo.com/competences_et_metiers/api/laps.php
2025-05-30 15:31:02,286 - httpx - INFO - HTTP Request: GET https://pro.dendreo.com/competences_et_metiers/api/laps.php?id_action_de_formation=194&include=participactions&key=BaBVostSCz5RTGIwszf8 "HTTP/1.1 200 OK"
2025-05-30 15:31:02,290 - app.services.dendreo_client - INFO - Making request to Dendreo API: https://pro.dendreo.com/competences_et_metiers/api/laps.php
2025-05-30 15:31:02,730 - httpx - INFO - HTTP Request: GET https://pro.dendreo.com/competences_et_metiers/api/laps.php?id_action_de_formation=195&include=participactions&key=BaBVostSCz5RTGIwszf8 "HTTP/1.1 200 OK"
2025-05-30 15:31:02,734 - app.services.dendreo_client - INFO - Making request to Dendreo API: https://pro.dendreo.com/competences_et_metiers/api/laps.php
2025-05-30 15:31:03,265 - httpx - INFO - HTTP Request: GET https://pro.dendreo.com/competences_et_metiers/api/laps.php?id_action_de_formation=196&include=participactions&key=BaBVostSCz5RTGIwszf8 "HTTP/1.1 200 OK"
2025-05-30 15:31:03,269 - app.services.dendreo_client - INFO - Making request to Dendreo API: https://pro.dendreo.com/competences_et_metiers/api/laps.php
2025-05-30 15:31:03,740 - httpx - INFO - HTTP Request: GET https://pro.dendreo.com/competences_et_metiers/api/laps.php?id_action_de_formation=197&include=participactions&key=BaBVostSCz5RTGIwszf8 "HTTP/1.1 200 OK"
2025-05-30 15:31:03,743 - app.services.dendreo_client - INFO - Making request to Dendreo API: https://pro.dendreo.com/competences_et_metiers/api/laps.php
2025-05-30 15:31:04,179 - httpx - INFO - HTTP Request: GET https://pro.dendreo.com/competences_et_metiers/api/laps.php?id_action_de_formation=198&include=participactions&key=BaBVostSCz5RTGIwszf8 "HTTP/1.1 200 OK"
2025-05-30 15:31:04,183 - app.services.dendreo_client - INFO - Making request to Dendreo API: https://pro.dendreo.com/competences_et_metiers/api/laps.php
2025-05-30 15:31:04,661 - httpx - INFO - HTTP Request: GET https://pro.dendreo.com/competences_et_metiers/api/laps.php?id_action_de_formation=199&include=participactions&key=BaBVostSCz5RTGIwszf8 "HTTP/1.1 200 OK"
2025-05-30 15:31:04,685 - app.services.dendreo_client - INFO - Making request to Dendreo API: https://pro.dendreo.com/competences_et_metiers/api/laps.php
2025-05-30 15:31:05,098 - httpx - INFO - HTTP Request: GET https://pro.dendreo.com/competences_et_metiers/api/laps.php?id_action_de_formation=200&include=participactions&key=BaBVostSCz5RTGIwszf8 "HTTP/1.1 200 OK"
2025-05-30 15:31:05,100 - app.services.dendreo_client - INFO - Making request to Dendreo API: https://pro.dendreo.com/competences_et_metiers/api/laps.php
2025-05-30 15:31:05,505 - httpx - INFO - HTTP Request: GET https://pro.dendreo.com/competences_et_metiers/api/laps.php?id_action_de_formation=201&include=participactions&key=BaBVostSCz5RTGIwszf8 "HTTP/1.1 200 OK"
2025-05-30 15:31:05,510 - app.services.dendreo_client - INFO - Making request to Dendreo API: https://pro.dendreo.com/competences_et_metiers/api/laps.php
2025-05-30 15:31:05,978 - httpx - INFO - HTTP Request: GET https://pro.dendreo.com/competences_et_metiers/api/laps.php?id_action_de_formation=202&include=participactions&key=BaBVostSCz5RTGIwszf8 "HTTP/1.1 200 OK"
2025-05-30 15:31:05,980 - app.services.dendreo_client - INFO - Making request to Dendreo API: https://pro.dendreo.com/competences_et_metiers/api/laps.php
2025-05-30 15:31:06,467 - httpx - INFO - HTTP Request: GET https://pro.dendreo.com/competences_et_metiers/api/laps.php?id_action_de_formation=203&include=participactions&key=BaBVostSCz5RTGIwszf8 "HTTP/1.1 200 OK"
2025-05-30 15:31:06,469 - app.services.dendreo_client - INFO - Making request to Dendreo API: https://pro.dendreo.com/competences_et_metiers/api/laps.php
2025-05-30 15:31:06,871 - httpx - INFO - HTTP Request: GET https://pro.dendreo.com/competences_et_metiers/api/laps.php?id_action_de_formation=204&include=participactions&key=BaBVostSCz5RTGIwszf8 "HTTP/1.1 200 OK"
2025-05-30 15:31:06,874 - app.services.dendreo_client - INFO - Making request to Dendreo API: https://pro.dendreo.com/competences_et_metiers/api/laps.php
2025-05-30 15:31:07,346 - httpx - INFO - HTTP Request: GET https://pro.dendreo.com/competences_et_metiers/api/laps.php?id_action_de_formation=205&include=participactions&key=BaBVostSCz5RTGIwszf8 "HTTP/1.1 200 OK"
2025-05-30 15:31:07,349 - app.services.dendreo_client - INFO - Making request to Dendreo API: https://pro.dendreo.com/competences_et_metiers/api/laps.php
2025-05-30 15:31:07,827 - httpx - INFO - HTTP Request: GET https://pro.dendreo.com/competences_et_metiers/api/laps.php?id_action_de_formation=206&include=participactions&key=BaBVostSCz5RTGIwszf8 "HTTP/1.1 200 OK"
2025-05-30 15:31:07,829 - app.services.dendreo_client - INFO - Making request to Dendreo API: https://pro.dendreo.com/competences_et_metiers/api/laps.php
2025-05-30 15:31:08,277 - httpx - INFO - HTTP Request: GET https://pro.dendreo.com/competences_et_metiers/api/laps.php?id_action_de_formation=207&include=participactions&key=BaBVostSCz5RTGIwszf8 "HTTP/1.1 200 OK"
2025-05-30 15:31:08,281 - app.services.dendreo_client - INFO - Making request to Dendreo API: https://pro.dendreo.com/competences_et_metiers/api/laps.php
2025-05-30 15:31:08,732 - httpx - INFO - HTTP Request: GET https://pro.dendreo.com/competences_et_metiers/api/laps.php?id_action_de_formation=208&include=participactions&key=BaBVostSCz5RTGIwszf8 "HTTP/1.1 200 OK"
2025-05-30 15:31:08,737 - app.services.dendreo_client - INFO - Making request to Dendreo API: https://pro.dendreo.com/competences_et_metiers/api/laps.php
2025-05-30 15:31:09,158 - httpx - INFO - HTTP Request: GET https://pro.dendreo.com/competences_et_metiers/api/laps.php?id_action_de_formation=209&include=participactions&key=BaBVostSCz5RTGIwszf8 "HTTP/1.1 200 OK"
2025-05-30 15:31:09,161 - app.services.dendreo_client - INFO - Making request to Dendreo API: https://pro.dendreo.com/competences_et_metiers/api/laps.php
2025-05-30 15:31:09,612 - httpx - INFO - HTTP Request: GET https://pro.dendreo.com/competences_et_metiers/api/laps.php?id_action_de_formation=210&include=participactions&key=BaBVostSCz5RTGIwszf8 "HTTP/1.1 200 OK"
2025-05-30 15:31:09,614 - app.services.dendreo_client - INFO - Making request to Dendreo API: https://pro.dendreo.com/competences_et_metiers/api/laps.php
2025-05-30 15:31:10,065 - httpx - INFO - HTTP Request: GET https://pro.dendreo.com/competences_et_metiers/api/laps.php?id_action_de_formation=211&include=participactions&key=BaBVostSCz5RTGIwszf8 "HTTP/1.1 200 OK"
2025-05-30 15:31:10,067 - app.services.dendreo_client - INFO - Making request to Dendreo API: https://pro.dendreo.com/competences_et_metiers/api/laps.php
2025-05-30 15:31:10,510 - httpx - INFO - HTTP Request: GET https://pro.dendreo.com/competences_et_metiers/api/laps.php?id_action_de_formation=212&include=participactions&key=BaBVostSCz5RTGIwszf8 "HTTP/1.1 200 OK"
2025-05-30 15:31:10,512 - app.services.dendreo_client - INFO - Making request to Dendreo API: https://pro.dendreo.com/competences_et_metiers/api/laps.php
2025-05-30 15:31:10,940 - httpx - INFO - HTTP Request: GET https://pro.dendreo.com/competences_et_metiers/api/laps.php?id_action_de_formation=213&include=participactions&key=BaBVostSCz5RTGIwszf8 "HTTP/1.1 200 OK"
2025-05-30 15:31:10,945 - app.services.dendreo_client - INFO - Making request to Dendreo API: https://pro.dendreo.com/competences_et_metiers/api/laps.php
2025-05-30 15:31:11,381 - httpx - INFO - HTTP Request: GET https://pro.dendreo.com/competences_et_metiers/api/laps.php?id_action_de_formation=215&include=participactions&key=BaBVostSCz5RTGIwszf8 "HTTP/1.1 200 OK"
2025-05-30 15:31:11,384 - app.services.dendreo_client - INFO - Making request to Dendreo API: https://pro.dendreo.com/competences_et_metiers/api/laps.php
2025-05-30 15:31:11,821 - httpx - INFO - HTTP Request: GET https://pro.dendreo.com/competences_et_metiers/api/laps.php?id_action_de_formation=217&include=participactions&key=BaBVostSCz5RTGIwszf8 "HTTP/1.1 200 OK"
2025-05-30 15:31:11,824 - app.services.dendreo_client - INFO - Making request to Dendreo API: https://pro.dendreo.com/competences_et_metiers/api/laps.php
2025-05-30 15:31:12,252 - httpx - INFO - HTTP Request: GET https://pro.dendreo.com/competences_et_metiers/api/laps.php?id_action_de_formation=218&include=participactions&key=BaBVostSCz5RTGIwszf8 "HTTP/1.1 200 OK"
2025-05-30 15:31:12,255 - app.services.dendreo_client - INFO - Making request to Dendreo API: https://pro.dendreo.com/competences_et_metiers/api/laps.php
2025-05-30 15:31:12,712 - httpx - INFO - HTTP Request: GET https://pro.dendreo.com/competences_et_metiers/api/laps.php?id_action_de_formation=219&include=participactions&key=BaBVostSCz5RTGIwszf8 "HTTP/1.1 200 OK"
2025-05-30 15:31:12,716 - app.services.dendreo_client - INFO - Making request to Dendreo API: https://pro.dendreo.com/competences_et_metiers/api/laps.php
2025-05-30 15:31:13,123 - httpx - INFO - HTTP Request: GET https://pro.dendreo.com/competences_et_metiers/api/laps.php?id_action_de_formation=220&include=participactions&key=BaBVostSCz5RTGIwszf8 "HTTP/1.1 200 OK"
2025-05-30 15:31:13,127 - app.services.dendreo_client - INFO - Making request to Dendreo API: https://pro.dendreo.com/competences_et_metiers/api/laps.php
2025-05-30 15:31:13,601 - httpx - INFO - HTTP Request: GET https://pro.dendreo.com/competences_et_metiers/api/laps.php?id_action_de_formation=221&include=participactions&key=BaBVostSCz5RTGIwszf8 "HTTP/1.1 200 OK"
2025-05-30 15:31:13,605 - app.services.dendreo_client - INFO - Making request to Dendreo API: https://pro.dendreo.com/competences_et_metiers/api/laps.php
2025-05-30 15:31:14,092 - httpx - INFO - HTTP Request: GET https://pro.dendreo.com/competences_et_metiers/api/laps.php?id_action_de_formation=222&include=participactions&key=BaBVostSCz5RTGIwszf8 "HTTP/1.1 200 OK"
2025-05-30 15:31:14,096 - app.services.dendreo_client - INFO - Making request to Dendreo API: https://pro.dendreo.com/competences_et_metiers/api/laps.php
2025-05-30 15:31:14,549 - httpx - INFO - HTTP Request: GET https://pro.dendreo.com/competences_et_metiers/api/laps.php?id_action_de_formation=223&include=participactions&key=BaBVostSCz5RTGIwszf8 "HTTP/1.1 200 OK"
2025-05-30 15:31:14,553 - app.services.dendreo_client - INFO - Making request to Dendreo API: https://pro.dendreo.com/competences_et_metiers/api/laps.php
2025-05-30 15:31:14,973 - httpx - INFO - HTTP Request: GET https://pro.dendreo.com/competences_et_metiers/api/laps.php?id_action_de_formation=224&include=participactions&key=BaBVostSCz5RTGIwszf8 "HTTP/1.1 200 OK"
2025-05-30 15:31:14,977 - app.services.dendreo_client - INFO - Making request to Dendreo API: https://pro.dendreo.com/competences_et_metiers/api/laps.php
2025-05-30 15:31:15,424 - httpx - INFO - HTTP Request: GET https://pro.dendreo.com/competences_et_metiers/api/laps.php?id_action_de_formation=225&include=participactions&key=BaBVostSCz5RTGIwszf8 "HTTP/1.1 200 OK"
2025-05-30 15:31:15,428 - app.services.dendreo_client - INFO - Making request to Dendreo API: https://pro.dendreo.com/competences_et_metiers/api/laps.php
2025-05-30 15:31:15,895 - httpx - INFO - HTTP Request: GET https://pro.dendreo.com/competences_et_metiers/api/laps.php?id_action_de_formation=226&include=participactions&key=BaBVostSCz5RTGIwszf8 "HTTP/1.1 200 OK"
2025-05-30 15:31:15,900 - app.services.dendreo_client - INFO - Making request to Dendreo API: https://pro.dendreo.com/competences_et_metiers/api/laps.php
2025-05-30 15:31:16,550 - httpx - INFO - HTTP Request: GET https://pro.dendreo.com/competences_et_metiers/api/laps.php?id_action_de_formation=229&include=participactions&key=BaBVostSCz5RTGIwszf8 "HTTP/1.1 200 OK"
2025-05-30 15:31:16,557 - app.services.dendreo_client - INFO - Making request to Dendreo API: https://pro.dendreo.com/competences_et_metiers/api/laps.php
2025-05-30 15:31:16,970 - httpx - INFO - HTTP Request: GET https://pro.dendreo.com/competences_et_metiers/api/laps.php?id_action_de_formation=230&include=participactions&key=BaBVostSCz5RTGIwszf8 "HTTP/1.1 200 OK"
2025-05-30 15:31:16,974 - app.services.dendreo_client - INFO - Making request to Dendreo API: https://pro.dendreo.com/competences_et_metiers/api/laps.php
2025-05-30 15:31:17,389 - httpx - INFO - HTTP Request: GET https://pro.dendreo.com/competences_et_metiers/api/laps.php?id_action_de_formation=231&include=participactions&key=BaBVostSCz5RTGIwszf8 "HTTP/1.1 200 OK"
2025-05-30 15:31:17,393 - app.services.dendreo_client - INFO - Making request to Dendreo API: https://pro.dendreo.com/competences_et_metiers/api/laps.php
2025-05-30 15:31:17,830 - httpx - INFO - HTTP Request: GET https://pro.dendreo.com/competences_et_metiers/api/laps.php?id_action_de_formation=232&include=participactions&key=BaBVostSCz5RTGIwszf8 "HTTP/1.1 200 OK"
2025-05-30 15:31:17,833 - app.services.dendreo_client - INFO - Making request to Dendreo API: https://pro.dendreo.com/competences_et_metiers/api/laps.php
2025-05-30 15:31:18,277 - httpx - INFO - HTTP Request: GET https://pro.dendreo.com/competences_et_metiers/api/laps.php?id_action_de_formation=233&include=participactions&key=BaBVostSCz5RTGIwszf8 "HTTP/1.1 200 OK"
2025-05-30 15:31:18,283 - app.services.dendreo_client - INFO - Making request to Dendreo API: https://pro.dendreo.com/competences_et_metiers/api/laps.php
2025-05-30 15:31:18,771 - httpx - INFO - HTTP Request: GET https://pro.dendreo.com/competences_et_metiers/api/laps.php?id_action_de_formation=235&include=participactions&key=BaBVostSCz5RTGIwszf8 "HTTP/1.1 200 OK"
2025-05-30 15:31:18,777 - app.services.dendreo_client - INFO - Making request to Dendreo API: https://pro.dendreo.com/competences_et_metiers/api/laps.php
2025-05-30 15:31:19,212 - httpx - INFO - HTTP Request: GET https://pro.dendreo.com/competences_et_metiers/api/laps.php?id_action_de_formation=238&include=participactions&key=BaBVostSCz5RTGIwszf8 "HTTP/1.1 200 OK"
2025-05-30 15:31:19,216 - app.services.dendreo_client - INFO - Making request to Dendreo API: https://pro.dendreo.com/competences_et_metiers/api/laps.php
2025-05-30 15:31:19,636 - httpx - INFO - HTTP Request: GET https://pro.dendreo.com/competences_et_metiers/api/laps.php?id_action_de_formation=239&include=participactions&key=BaBVostSCz5RTGIwszf8 "HTTP/1.1 200 OK"
2025-05-30 15:31:19,639 - app.services.dendreo_client - INFO - Making request to Dendreo API: https://pro.dendreo.com/competences_et_metiers/api/laps.php
2025-05-30 15:34:28,604 - app.services.dendreo_client - INFO - Initialized DendreoClient with base URL: https://pro.dendreo.com/competences_et_metiers/api
2025-05-30 15:34:29,780 - app.services.dendreo_client - INFO - Initialized DendreoClient with base URL: https://pro.dendreo.com/competences_et_metiers/api
2025-05-30 15:34:33,583 - app.services.dendreo_client - INFO - Initialized DendreoClient with base URL: https://pro.dendreo.com/competences_et_metiers/api
2025-05-30 15:34:33,583 - app.services.dendreo_sync - INFO - Starting full sync from Dendreo API
2025-05-30 15:34:33,584 - app.services.dendreo_client - INFO - Making request to Dendreo API: https://pro.dendreo.com/competences_et_metiers/api/lmps.php
2025-05-30 15:34:41,966 - httpx - INFO - HTTP Request: GET https://pro.dendreo.com/competences_et_metiers/api/lmps.php?include=participant%2Cmodule&key=BaBVostSCz5RTGIwszf8 "HTTP/1.1 200 OK"
2025-05-30 15:34:42,655 - app.services.dendreo_client - INFO - Making request to Dendreo API: https://pro.dendreo.com/competences_et_metiers/api/actions_de_formation.php
2025-05-30 15:34:43,593 - httpx - INFO - HTTP Request: GET https://pro.dendreo.com/competences_et_metiers/api/actions_de_formation.php?include=modules%2Cparticipant%2CetapeProcess&key=BaBVostSCz5RTGIwszf8 "HTTP/1.1 200 OK"
2025-05-30 15:34:43,625 - app.services.dendreo_sync - INFO - Filtering e-learning modules...
2025-05-30 15:34:43,627 - app.services.dendreo_sync - INFO - Found 0 e-learning records
2025-05-30 15:34:43,627 - app.services.dendreo_sync - INFO - Processing ADFs...
2025-05-30 15:34:43,627 - app.services.dendreo_sync - INFO - Processing ADF batch 1/6
2025-05-30 15:34:43,628 - app.services.dendreo_client - INFO - Making request to Dendreo API: https://pro.dendreo.com/competences_et_metiers/api/laps.php
2025-05-30 15:34:44,068 - httpx - INFO - HTTP Request: GET https://pro.dendreo.com/competences_et_metiers/api/laps.php?id_action_de_formation=115&include=participactions&key=BaBVostSCz5RTGIwszf8 "HTTP/1.1 200 OK"
2025-05-30 15:34:44,139 - app.services.dendreo_client - INFO - Making request to Dendreo API: https://pro.dendreo.com/competences_et_metiers/api/laps.php
2025-05-30 15:34:44,613 - httpx - INFO - HTTP Request: GET https://pro.dendreo.com/competences_et_metiers/api/laps.php?id_action_de_formation=119&include=participactions&key=BaBVostSCz5RTGIwszf8 "HTTP/1.1 200 OK"
2025-05-30 15:34:44,616 - app.services.dendreo_client - INFO - Making request to Dendreo API: https://pro.dendreo.com/competences_et_metiers/api/laps.php
2025-05-30 15:34:45,136 - httpx - INFO - HTTP Request: GET https://pro.dendreo.com/competences_et_metiers/api/laps.php?id_action_de_formation=124&include=participactions&key=BaBVostSCz5RTGIwszf8 "HTTP/1.1 200 OK"
2025-05-30 15:34:45,141 - app.services.dendreo_client - INFO - Making request to Dendreo API: https://pro.dendreo.com/competences_et_metiers/api/laps.php
2025-05-30 15:34:45,653 - httpx - INFO - HTTP Request: GET https://pro.dendreo.com/competences_et_metiers/api/laps.php?id_action_de_formation=132&include=participactions&key=BaBVostSCz5RTGIwszf8 "HTTP/1.1 200 OK"
2025-05-30 15:34:45,656 - app.services.dendreo_client - INFO - Making request to Dendreo API: https://pro.dendreo.com/competences_et_metiers/api/laps.php
2025-05-30 15:34:46,151 - httpx - INFO - HTTP Request: GET https://pro.dendreo.com/competences_et_metiers/api/laps.php?id_action_de_formation=133&include=participactions&key=BaBVostSCz5RTGIwszf8 "HTTP/1.1 200 OK"
2025-05-30 15:34:46,153 - app.services.dendreo_client - INFO - Making request to Dendreo API: https://pro.dendreo.com/competences_et_metiers/api/laps.php
2025-05-30 15:34:46,614 - httpx - INFO - HTTP Request: GET https://pro.dendreo.com/competences_et_metiers/api/laps.php?id_action_de_formation=134&include=participactions&key=BaBVostSCz5RTGIwszf8 "HTTP/1.1 200 OK"
2025-05-30 15:34:46,617 - app.services.dendreo_client - INFO - Making request to Dendreo API: https://pro.dendreo.com/competences_et_metiers/api/laps.php
2025-05-30 15:34:47,088 - httpx - INFO - HTTP Request: GET https://pro.dendreo.com/competences_et_metiers/api/laps.php?id_action_de_formation=140&include=participactions&key=BaBVostSCz5RTGIwszf8 "HTTP/1.1 200 OK"
2025-05-30 15:34:47,091 - app.services.dendreo_client - INFO - Making request to Dendreo API: https://pro.dendreo.com/competences_et_metiers/api/laps.php
2025-05-30 15:34:47,713 - httpx - INFO - HTTP Request: GET https://pro.dendreo.com/competences_et_metiers/api/laps.php?id_action_de_formation=141&include=participactions&key=BaBVostSCz5RTGIwszf8 "HTTP/1.1 200 OK"
2025-05-30 15:34:47,721 - app.services.dendreo_client - INFO - Making request to Dendreo API: https://pro.dendreo.com/competences_et_metiers/api/laps.php
2025-05-30 15:34:48,207 - httpx - INFO - HTTP Request: GET https://pro.dendreo.com/competences_et_metiers/api/laps.php?id_action_de_formation=149&include=participactions&key=BaBVostSCz5RTGIwszf8 "HTTP/1.1 200 OK"
2025-05-30 15:34:48,210 - app.services.dendreo_client - INFO - Making request to Dendreo API: https://pro.dendreo.com/competences_et_metiers/api/laps.php
2025-05-30 15:34:48,665 - httpx - INFO - HTTP Request: GET https://pro.dendreo.com/competences_et_metiers/api/laps.php?id_action_de_formation=150&include=participactions&key=BaBVostSCz5RTGIwszf8 "HTTP/1.1 200 OK"
2025-05-30 15:34:48,667 - app.services.dendreo_client - INFO - Making request to Dendreo API: https://pro.dendreo.com/competences_et_metiers/api/laps.php
2025-05-30 15:34:49,197 - httpx - INFO - HTTP Request: GET https://pro.dendreo.com/competences_et_metiers/api/laps.php?id_action_de_formation=152&include=participactions&key=BaBVostSCz5RTGIwszf8 "HTTP/1.1 200 OK"
2025-05-30 15:34:49,200 - app.services.dendreo_client - INFO - Making request to Dendreo API: https://pro.dendreo.com/competences_et_metiers/api/laps.php
2025-05-30 15:34:49,669 - httpx - INFO - HTTP Request: GET https://pro.dendreo.com/competences_et_metiers/api/laps.php?id_action_de_formation=157&include=participactions&key=BaBVostSCz5RTGIwszf8 "HTTP/1.1 200 OK"
2025-05-30 15:34:49,698 - app.services.dendreo_client - INFO - Making request to Dendreo API: https://pro.dendreo.com/competences_et_metiers/api/laps.php
2025-05-30 15:34:50,208 - httpx - INFO - HTTP Request: GET https://pro.dendreo.com/competences_et_metiers/api/laps.php?id_action_de_formation=158&include=participactions&key=BaBVostSCz5RTGIwszf8 "HTTP/1.1 200 OK"
2025-05-30 15:34:50,210 - app.services.dendreo_client - INFO - Making request to Dendreo API: https://pro.dendreo.com/competences_et_metiers/api/laps.php
2025-05-30 15:34:50,698 - httpx - INFO - HTTP Request: GET https://pro.dendreo.com/competences_et_metiers/api/laps.php?id_action_de_formation=159&include=participactions&key=BaBVostSCz5RTGIwszf8 "HTTP/1.1 200 OK"
2025-05-30 15:34:50,704 - app.services.dendreo_client - INFO - Making request to Dendreo API: https://pro.dendreo.com/competences_et_metiers/api/laps.php
2025-05-30 15:34:51,184 - httpx - INFO - HTTP Request: GET https://pro.dendreo.com/competences_et_metiers/api/laps.php?id_action_de_formation=160&include=participactions&key=BaBVostSCz5RTGIwszf8 "HTTP/1.1 200 OK"
2025-05-30 15:34:51,186 - app.services.dendreo_client - INFO - Making request to Dendreo API: https://pro.dendreo.com/competences_et_metiers/api/laps.php
2025-05-30 15:34:51,636 - httpx - INFO - HTTP Request: GET https://pro.dendreo.com/competences_et_metiers/api/laps.php?id_action_de_formation=161&include=participactions&key=BaBVostSCz5RTGIwszf8 "HTTP/1.1 200 OK"
2025-05-30 15:34:51,639 - app.services.dendreo_client - INFO - Making request to Dendreo API: https://pro.dendreo.com/competences_et_metiers/api/laps.php
2025-05-30 15:34:52,176 - httpx - INFO - HTTP Request: GET https://pro.dendreo.com/competences_et_metiers/api/laps.php?id_action_de_formation=162&include=participactions&key=BaBVostSCz5RTGIwszf8 "HTTP/1.1 200 OK"
2025-05-30 15:34:52,178 - app.services.dendreo_client - INFO - Making request to Dendreo API: https://pro.dendreo.com/competences_et_metiers/api/laps.php
2025-05-30 15:34:52,658 - httpx - INFO - HTTP Request: GET https://pro.dendreo.com/competences_et_metiers/api/laps.php?id_action_de_formation=163&include=participactions&key=BaBVostSCz5RTGIwszf8 "HTTP/1.1 200 OK"
2025-05-30 15:34:52,663 - app.services.dendreo_client - INFO - Making request to Dendreo API: https://pro.dendreo.com/competences_et_metiers/api/laps.php
2025-05-30 15:34:53,151 - httpx - INFO - HTTP Request: GET https://pro.dendreo.com/competences_et_metiers/api/laps.php?id_action_de_formation=164&include=participactions&key=BaBVostSCz5RTGIwszf8 "HTTP/1.1 200 OK"
2025-05-30 15:34:53,153 - app.services.dendreo_client - INFO - Making request to Dendreo API: https://pro.dendreo.com/competences_et_metiers/api/laps.php
2025-05-30 15:34:53,589 - httpx - INFO - HTTP Request: GET https://pro.dendreo.com/competences_et_metiers/api/laps.php?id_action_de_formation=165&include=participactions&key=BaBVostSCz5RTGIwszf8 "HTTP/1.1 200 OK"
2025-05-30 15:34:53,593 - app.services.dendreo_client - INFO - Making request to Dendreo API: https://pro.dendreo.com/competences_et_metiers/api/laps.php
2025-05-30 15:34:54,135 - httpx - INFO - HTTP Request: GET https://pro.dendreo.com/competences_et_metiers/api/laps.php?id_action_de_formation=166&include=participactions&key=BaBVostSCz5RTGIwszf8 "HTTP/1.1 200 OK"
2025-05-30 15:34:54,137 - app.services.dendreo_client - INFO - Making request to Dendreo API: https://pro.dendreo.com/competences_et_metiers/api/laps.php
2025-05-30 15:34:54,696 - httpx - INFO - HTTP Request: GET https://pro.dendreo.com/competences_et_metiers/api/laps.php?id_action_de_formation=167&include=participactions&key=BaBVostSCz5RTGIwszf8 "HTTP/1.1 200 OK"
2025-05-30 15:34:54,699 - app.services.dendreo_client - INFO - Making request to Dendreo API: https://pro.dendreo.com/competences_et_metiers/api/laps.php
2025-05-30 15:34:55,165 - httpx - INFO - HTTP Request: GET https://pro.dendreo.com/competences_et_metiers/api/laps.php?id_action_de_formation=168&include=participactions&key=BaBVostSCz5RTGIwszf8 "HTTP/1.1 200 OK"
2025-05-30 15:34:55,167 - app.services.dendreo_client - INFO - Making request to Dendreo API: https://pro.dendreo.com/competences_et_metiers/api/laps.php
2025-05-30 15:34:55,660 - httpx - INFO - HTTP Request: GET https://pro.dendreo.com/competences_et_metiers/api/laps.php?id_action_de_formation=169&include=participactions&key=BaBVostSCz5RTGIwszf8 "HTTP/1.1 200 OK"
2025-05-30 15:34:55,662 - app.services.dendreo_client - INFO - Making request to Dendreo API: https://pro.dendreo.com/competences_et_metiers/api/laps.php
2025-05-30 15:34:56,144 - httpx - INFO - HTTP Request: GET https://pro.dendreo.com/competences_et_metiers/api/laps.php?id_action_de_formation=170&include=participactions&key=BaBVostSCz5RTGIwszf8 "HTTP/1.1 200 OK"
2025-05-30 15:34:56,148 - app.services.dendreo_client - INFO - Making request to Dendreo API: https://pro.dendreo.com/competences_et_metiers/api/laps.php
2025-05-30 15:34:56,646 - httpx - INFO - HTTP Request: GET https://pro.dendreo.com/competences_et_metiers/api/laps.php?id_action_de_formation=171&include=participactions&key=BaBVostSCz5RTGIwszf8 "HTTP/1.1 200 OK"
2025-05-30 15:34:56,648 - app.services.dendreo_client - INFO - Making request to Dendreo API: https://pro.dendreo.com/competences_et_metiers/api/laps.php
2025-05-30 15:34:57,083 - httpx - INFO - HTTP Request: GET https://pro.dendreo.com/competences_et_metiers/api/laps.php?id_action_de_formation=172&include=participactions&key=BaBVostSCz5RTGIwszf8 "HTTP/1.1 200 OK"
2025-05-30 15:34:57,086 - app.services.dendreo_client - INFO - Making request to Dendreo API: https://pro.dendreo.com/competences_et_metiers/api/laps.php
2025-05-30 15:34:57,614 - httpx - INFO - HTTP Request: GET https://pro.dendreo.com/competences_et_metiers/api/laps.php?id_action_de_formation=173&include=participactions&key=BaBVostSCz5RTGIwszf8 "HTTP/1.1 200 OK"
2025-05-30 15:34:57,616 - app.services.dendreo_client - INFO - Making request to Dendreo API: https://pro.dendreo.com/competences_et_metiers/api/laps.php
2025-05-30 15:34:58,103 - httpx - INFO - HTTP Request: GET https://pro.dendreo.com/competences_et_metiers/api/laps.php?id_action_de_formation=174&include=participactions&key=BaBVostSCz5RTGIwszf8 "HTTP/1.1 200 OK"
2025-05-30 15:34:58,105 - app.services.dendreo_client - INFO - Making request to Dendreo API: https://pro.dendreo.com/competences_et_metiers/api/laps.php
2025-05-30 15:34:58,668 - httpx - INFO - HTTP Request: GET https://pro.dendreo.com/competences_et_metiers/api/laps.php?id_action_de_formation=175&include=participactions&key=BaBVostSCz5RTGIwszf8 "HTTP/1.1 200 OK"
2025-05-30 15:34:58,674 - app.services.dendreo_client - INFO - Making request to Dendreo API: https://pro.dendreo.com/competences_et_metiers/api/laps.php
2025-05-30 15:34:59,227 - httpx - INFO - HTTP Request: GET https://pro.dendreo.com/competences_et_metiers/api/laps.php?id_action_de_formation=176&include=participactions&key=BaBVostSCz5RTGIwszf8 "HTTP/1.1 200 OK"
2025-05-30 15:34:59,230 - app.services.dendreo_client - INFO - Making request to Dendreo API: https://pro.dendreo.com/competences_et_metiers/api/laps.php
2025-05-30 15:34:59,739 - httpx - INFO - HTTP Request: GET https://pro.dendreo.com/competences_et_metiers/api/laps.php?id_action_de_formation=177&include=participactions&key=BaBVostSCz5RTGIwszf8 "HTTP/1.1 200 OK"
2025-05-30 15:34:59,744 - app.services.dendreo_client - INFO - Making request to Dendreo API: https://pro.dendreo.com/competences_et_metiers/api/laps.php
2025-05-30 15:35:00,273 - httpx - INFO - HTTP Request: GET https://pro.dendreo.com/competences_et_metiers/api/laps.php?id_action_de_formation=178&include=participactions&key=BaBVostSCz5RTGIwszf8 "HTTP/1.1 200 OK"
2025-05-30 15:35:00,278 - app.services.dendreo_client - INFO - Making request to Dendreo API: https://pro.dendreo.com/competences_et_metiers/api/laps.php
2025-05-30 15:35:00,771 - httpx - INFO - HTTP Request: GET https://pro.dendreo.com/competences_et_metiers/api/laps.php?id_action_de_formation=179&include=participactions&key=BaBVostSCz5RTGIwszf8 "HTTP/1.1 200 OK"
2025-05-30 15:35:00,773 - app.services.dendreo_client - INFO - Making request to Dendreo API: https://pro.dendreo.com/competences_et_metiers/api/laps.php
2025-05-30 15:35:01,281 - httpx - INFO - HTTP Request: GET https://pro.dendreo.com/competences_et_metiers/api/laps.php?id_action_de_formation=180&include=participactions&key=BaBVostSCz5RTGIwszf8 "HTTP/1.1 200 OK"
2025-05-30 15:35:01,284 - app.services.dendreo_client - INFO - Making request to Dendreo API: https://pro.dendreo.com/competences_et_metiers/api/laps.php
2025-05-30 15:35:01,849 - httpx - INFO - HTTP Request: GET https://pro.dendreo.com/competences_et_metiers/api/laps.php?id_action_de_formation=181&include=participactions&key=BaBVostSCz5RTGIwszf8 "HTTP/1.1 200 OK"
2025-05-30 15:35:01,855 - app.services.dendreo_client - INFO - Making request to Dendreo API: https://pro.dendreo.com/competences_et_metiers/api/laps.php
2025-05-30 15:35:02,344 - httpx - INFO - HTTP Request: GET https://pro.dendreo.com/competences_et_metiers/api/laps.php?id_action_de_formation=182&include=participactions&key=BaBVostSCz5RTGIwszf8 "HTTP/1.1 200 OK"
2025-05-30 15:35:02,347 - app.services.dendreo_client - INFO - Making request to Dendreo API: https://pro.dendreo.com/competences_et_metiers/api/laps.php
2025-05-30 15:35:02,833 - httpx - INFO - HTTP Request: GET https://pro.dendreo.com/competences_et_metiers/api/laps.php?id_action_de_formation=183&include=participactions&key=BaBVostSCz5RTGIwszf8 "HTTP/1.1 200 OK"
2025-05-30 15:35:02,836 - app.services.dendreo_client - INFO - Making request to Dendreo API: https://pro.dendreo.com/competences_et_metiers/api/laps.php
2025-05-30 15:35:03,295 - httpx - INFO - HTTP Request: GET https://pro.dendreo.com/competences_et_metiers/api/laps.php?id_action_de_formation=184&include=participactions&key=BaBVostSCz5RTGIwszf8 "HTTP/1.1 200 OK"
2025-05-30 15:35:03,298 - app.services.dendreo_client - INFO - Making request to Dendreo API: https://pro.dendreo.com/competences_et_metiers/api/laps.php
2025-05-30 15:35:03,819 - httpx - INFO - HTTP Request: GET https://pro.dendreo.com/competences_et_metiers/api/laps.php?id_action_de_formation=185&include=participactions&key=BaBVostSCz5RTGIwszf8 "HTTP/1.1 200 OK"
2025-05-30 15:35:03,842 - app.services.dendreo_sync - INFO - Processing ADF batch 2/6
2025-05-30 15:35:03,842 - app.services.dendreo_client - INFO - Making request to Dendreo API: https://pro.dendreo.com/competences_et_metiers/api/laps.php
2025-05-30 15:35:04,302 - httpx - INFO - HTTP Request: GET https://pro.dendreo.com/competences_et_metiers/api/laps.php?id_action_de_formation=186&include=participactions&key=BaBVostSCz5RTGIwszf8 "HTTP/1.1 200 OK"
2025-05-30 15:35:04,304 - app.services.dendreo_client - INFO - Making request to Dendreo API: https://pro.dendreo.com/competences_et_metiers/api/laps.php
2025-05-30 15:35:04,832 - httpx - INFO - HTTP Request: GET https://pro.dendreo.com/competences_et_metiers/api/laps.php?id_action_de_formation=187&include=participactions&key=BaBVostSCz5RTGIwszf8 "HTTP/1.1 200 OK"
2025-05-30 15:35:04,835 - app.services.dendreo_client - INFO - Making request to Dendreo API: https://pro.dendreo.com/competences_et_metiers/api/laps.php
2025-05-30 15:35:05,307 - httpx - INFO - HTTP Request: GET https://pro.dendreo.com/competences_et_metiers/api/laps.php?id_action_de_formation=188&include=participactions&key=BaBVostSCz5RTGIwszf8 "HTTP/1.1 200 OK"
2025-05-30 15:35:05,310 - app.services.dendreo_client - INFO - Making request to Dendreo API: https://pro.dendreo.com/competences_et_metiers/api/laps.php
2025-05-30 15:35:05,770 - httpx - INFO - HTTP Request: GET https://pro.dendreo.com/competences_et_metiers/api/laps.php?id_action_de_formation=189&include=participactions&key=BaBVostSCz5RTGIwszf8 "HTTP/1.1 200 OK"
2025-05-30 15:35:05,772 - app.services.dendreo_client - INFO - Making request to Dendreo API: https://pro.dendreo.com/competences_et_metiers/api/laps.php
2025-05-30 15:35:06,309 - httpx - INFO - HTTP Request: GET https://pro.dendreo.com/competences_et_metiers/api/laps.php?id_action_de_formation=190&include=participactions&key=BaBVostSCz5RTGIwszf8 "HTTP/1.1 200 OK"
2025-05-30 15:35:06,311 - app.services.dendreo_client - INFO - Making request to Dendreo API: https://pro.dendreo.com/competences_et_metiers/api/laps.php
2025-05-30 15:35:06,836 - httpx - INFO - HTTP Request: GET https://pro.dendreo.com/competences_et_metiers/api/laps.php?id_action_de_formation=191&include=participactions&key=BaBVostSCz5RTGIwszf8 "HTTP/1.1 200 OK"
2025-05-30 15:35:06,840 - app.services.dendreo_client - INFO - Making request to Dendreo API: https://pro.dendreo.com/competences_et_metiers/api/laps.php
2025-05-30 15:35:07,359 - httpx - INFO - HTTP Request: GET https://pro.dendreo.com/competences_et_metiers/api/laps.php?id_action_de_formation=192&include=participactions&key=BaBVostSCz5RTGIwszf8 "HTTP/1.1 200 OK"
2025-05-30 15:35:07,362 - app.services.dendreo_client - INFO - Making request to Dendreo API: https://pro.dendreo.com/competences_et_metiers/api/laps.php
2025-05-30 15:35:07,873 - httpx - INFO - HTTP Request: GET https://pro.dendreo.com/competences_et_metiers/api/laps.php?id_action_de_formation=193&include=participactions&key=BaBVostSCz5RTGIwszf8 "HTTP/1.1 200 OK"
2025-05-30 15:35:07,875 - app.services.dendreo_client - INFO - Making request to Dendreo API: https://pro.dendreo.com/competences_et_metiers/api/laps.php
2025-05-30 15:35:08,381 - httpx - INFO - HTTP Request: GET https://pro.dendreo.com/competences_et_metiers/api/laps.php?id_action_de_formation=194&include=participactions&key=BaBVostSCz5RTGIwszf8 "HTTP/1.1 200 OK"
2025-05-30 15:35:08,387 - app.services.dendreo_client - INFO - Making request to Dendreo API: https://pro.dendreo.com/competences_et_metiers/api/laps.php
2025-05-30 15:35:08,878 - httpx - INFO - HTTP Request: GET https://pro.dendreo.com/competences_et_metiers/api/laps.php?id_action_de_formation=195&include=participactions&key=BaBVostSCz5RTGIwszf8 "HTTP/1.1 200 OK"
2025-05-30 15:35:08,880 - app.services.dendreo_client - INFO - Making request to Dendreo API: https://pro.dendreo.com/competences_et_metiers/api/laps.php
2025-05-30 15:35:09,395 - httpx - INFO - HTTP Request: GET https://pro.dendreo.com/competences_et_metiers/api/laps.php?id_action_de_formation=196&include=participactions&key=BaBVostSCz5RTGIwszf8 "HTTP/1.1 200 OK"
2025-05-30 15:35:09,417 - app.services.dendreo_client - INFO - Making request to Dendreo API: https://pro.dendreo.com/competences_et_metiers/api/laps.php
2025-05-30 15:35:09,940 - httpx - INFO - HTTP Request: GET https://pro.dendreo.com/competences_et_metiers/api/laps.php?id_action_de_formation=197&include=participactions&key=BaBVostSCz5RTGIwszf8 "HTTP/1.1 200 OK"
2025-05-30 15:35:09,943 - app.services.dendreo_client - INFO - Making request to Dendreo API: https://pro.dendreo.com/competences_et_metiers/api/laps.php
2025-05-30 15:35:10,421 - httpx - INFO - HTTP Request: GET https://pro.dendreo.com/competences_et_metiers/api/laps.php?id_action_de_formation=198&include=participactions&key=BaBVostSCz5RTGIwszf8 "HTTP/1.1 200 OK"
2025-05-30 15:35:10,425 - app.services.dendreo_client - INFO - Making request to Dendreo API: https://pro.dendreo.com/competences_et_metiers/api/laps.php
2025-05-30 15:35:10,865 - httpx - INFO - HTTP Request: GET https://pro.dendreo.com/competences_et_metiers/api/laps.php?id_action_de_formation=199&include=participactions&key=BaBVostSCz5RTGIwszf8 "HTTP/1.1 200 OK"
2025-05-30 15:35:10,868 - app.services.dendreo_client - INFO - Making request to Dendreo API: https://pro.dendreo.com/competences_et_metiers/api/laps.php
2025-05-30 15:35:11,370 - httpx - INFO - HTTP Request: GET https://pro.dendreo.com/competences_et_metiers/api/laps.php?id_action_de_formation=200&include=participactions&key=BaBVostSCz5RTGIwszf8 "HTTP/1.1 200 OK"
2025-05-30 15:35:11,373 - app.services.dendreo_client - INFO - Making request to Dendreo API: https://pro.dendreo.com/competences_et_metiers/api/laps.php
2025-05-30 15:35:11,881 - httpx - INFO - HTTP Request: GET https://pro.dendreo.com/competences_et_metiers/api/laps.php?id_action_de_formation=201&include=participactions&key=BaBVostSCz5RTGIwszf8 "HTTP/1.1 200 OK"
2025-05-30 15:35:11,887 - app.services.dendreo_client - INFO - Making request to Dendreo API: https://pro.dendreo.com/competences_et_metiers/api/laps.php
2025-05-30 15:35:12,369 - httpx - INFO - HTTP Request: GET https://pro.dendreo.com/competences_et_metiers/api/laps.php?id_action_de_formation=202&include=participactions&key=BaBVostSCz5RTGIwszf8 "HTTP/1.1 200 OK"
2025-05-30 15:35:12,373 - app.services.dendreo_client - INFO - Making request to Dendreo API: https://pro.dendreo.com/competences_et_metiers/api/laps.php
2025-05-30 15:35:12,835 - httpx - INFO - HTTP Request: GET https://pro.dendreo.com/competences_et_metiers/api/laps.php?id_action_de_formation=203&include=participactions&key=BaBVostSCz5RTGIwszf8 "HTTP/1.1 200 OK"
2025-05-30 15:35:12,838 - app.services.dendreo_client - INFO - Making request to Dendreo API: https://pro.dendreo.com/competences_et_metiers/api/laps.php
2025-05-30 15:35:13,350 - httpx - INFO - HTTP Request: GET https://pro.dendreo.com/competences_et_metiers/api/laps.php?id_action_de_formation=204&include=participactions&key=BaBVostSCz5RTGIwszf8 "HTTP/1.1 200 OK"
2025-05-30 15:35:13,352 - app.services.dendreo_client - INFO - Making request to Dendreo API: https://pro.dendreo.com/competences_et_metiers/api/laps.php
2025-05-30 15:35:13,901 - httpx - INFO - HTTP Request: GET https://pro.dendreo.com/competences_et_metiers/api/laps.php?id_action_de_formation=205&include=participactions&key=BaBVostSCz5RTGIwszf8 "HTTP/1.1 200 OK"
2025-05-30 15:35:13,905 - app.services.dendreo_client - INFO - Making request to Dendreo API: https://pro.dendreo.com/competences_et_metiers/api/laps.php
2025-05-30 15:35:14,397 - httpx - INFO - HTTP Request: GET https://pro.dendreo.com/competences_et_metiers/api/laps.php?id_action_de_formation=206&include=participactions&key=BaBVostSCz5RTGIwszf8 "HTTP/1.1 200 OK"
2025-05-30 15:35:14,401 - app.services.dendreo_client - INFO - Making request to Dendreo API: https://pro.dendreo.com/competences_et_metiers/api/laps.php
2025-05-30 15:35:14,865 - httpx - INFO - HTTP Request: GET https://pro.dendreo.com/competences_et_metiers/api/laps.php?id_action_de_formation=207&include=participactions&key=BaBVostSCz5RTGIwszf8 "HTTP/1.1 200 OK"
2025-05-30 15:35:14,867 - app.services.dendreo_client - INFO - Making request to Dendreo API: https://pro.dendreo.com/competences_et_metiers/api/laps.php
2025-05-30 15:35:15,349 - httpx - INFO - HTTP Request: GET https://pro.dendreo.com/competences_et_metiers/api/laps.php?id_action_de_formation=208&include=participactions&key=BaBVostSCz5RTGIwszf8 "HTTP/1.1 200 OK"
2025-05-30 15:35:15,351 - app.services.dendreo_client - INFO - Making request to Dendreo API: https://pro.dendreo.com/competences_et_metiers/api/laps.php
2025-05-30 15:35:15,839 - httpx - INFO - HTTP Request: GET https://pro.dendreo.com/competences_et_metiers/api/laps.php?id_action_de_formation=209&include=participactions&key=BaBVostSCz5RTGIwszf8 "HTTP/1.1 200 OK"
2025-05-30 15:35:15,841 - app.services.dendreo_client - INFO - Making request to Dendreo API: https://pro.dendreo.com/competences_et_metiers/api/laps.php
2025-05-30 15:35:16,292 - httpx - INFO - HTTP Request: GET https://pro.dendreo.com/competences_et_metiers/api/laps.php?id_action_de_formation=210&include=participactions&key=BaBVostSCz5RTGIwszf8 "HTTP/1.1 200 OK"
2025-05-30 15:35:16,295 - app.services.dendreo_client - INFO - Making request to Dendreo API: https://pro.dendreo.com/competences_et_metiers/api/laps.php
2025-05-30 15:35:16,781 - httpx - INFO - HTTP Request: GET https://pro.dendreo.com/competences_et_metiers/api/laps.php?id_action_de_formation=211&include=participactions&key=BaBVostSCz5RTGIwszf8 "HTTP/1.1 200 OK"
2025-05-30 15:35:16,784 - app.services.dendreo_client - INFO - Making request to Dendreo API: https://pro.dendreo.com/competences_et_metiers/api/laps.php
2025-05-30 15:35:17,289 - httpx - INFO - HTTP Request: GET https://pro.dendreo.com/competences_et_metiers/api/laps.php?id_action_de_formation=212&include=participactions&key=BaBVostSCz5RTGIwszf8 "HTTP/1.1 200 OK"
2025-05-30 15:35:17,291 - app.services.dendreo_client - INFO - Making request to Dendreo API: https://pro.dendreo.com/competences_et_metiers/api/laps.php
2025-05-30 15:35:17,737 - httpx - INFO - HTTP Request: GET https://pro.dendreo.com/competences_et_metiers/api/laps.php?id_action_de_formation=213&include=participactions&key=BaBVostSCz5RTGIwszf8 "HTTP/1.1 200 OK"
2025-05-30 15:35:17,739 - app.services.dendreo_client - INFO - Making request to Dendreo API: https://pro.dendreo.com/competences_et_metiers/api/laps.php
2025-05-30 15:35:18,291 - httpx - INFO - HTTP Request: GET https://pro.dendreo.com/competences_et_metiers/api/laps.php?id_action_de_formation=215&include=participactions&key=BaBVostSCz5RTGIwszf8 "HTTP/1.1 200 OK"
2025-05-30 15:35:18,293 - app.services.dendreo_client - INFO - Making request to Dendreo API: https://pro.dendreo.com/competences_et_metiers/api/laps.php
2025-05-30 15:35:18,741 - httpx - INFO - HTTP Request: GET https://pro.dendreo.com/competences_et_metiers/api/laps.php?id_action_de_formation=217&include=participactions&key=BaBVostSCz5RTGIwszf8 "HTTP/1.1 200 OK"
2025-05-30 15:35:18,744 - app.services.dendreo_client - INFO - Making request to Dendreo API: https://pro.dendreo.com/competences_et_metiers/api/laps.php
2025-05-30 15:35:19,225 - httpx - INFO - HTTP Request: GET https://pro.dendreo.com/competences_et_metiers/api/laps.php?id_action_de_formation=218&include=participactions&key=BaBVostSCz5RTGIwszf8 "HTTP/1.1 200 OK"
2025-05-30 15:35:19,227 - app.services.dendreo_client - INFO - Making request to Dendreo API: https://pro.dendreo.com/competences_et_metiers/api/laps.php
2025-05-30 15:35:19,707 - httpx - INFO - HTTP Request: GET https://pro.dendreo.com/competences_et_metiers/api/laps.php?id_action_de_formation=219&include=participactions&key=BaBVostSCz5RTGIwszf8 "HTTP/1.1 200 OK"
2025-05-30 15:35:19,710 - app.services.dendreo_client - INFO - Making request to Dendreo API: https://pro.dendreo.com/competences_et_metiers/api/laps.php
2025-05-30 15:35:20,254 - httpx - INFO - HTTP Request: GET https://pro.dendreo.com/competences_et_metiers/api/laps.php?id_action_de_formation=220&include=participactions&key=BaBVostSCz5RTGIwszf8 "HTTP/1.1 200 OK"
2025-05-30 15:35:20,256 - app.services.dendreo_client - INFO - Making request to Dendreo API: https://pro.dendreo.com/competences_et_metiers/api/laps.php
2025-05-30 15:35:20,738 - httpx - INFO - HTTP Request: GET https://pro.dendreo.com/competences_et_metiers/api/laps.php?id_action_de_formation=221&include=participactions&key=BaBVostSCz5RTGIwszf8 "HTTP/1.1 200 OK"
2025-05-30 15:35:20,740 - app.services.dendreo_client - INFO - Making request to Dendreo API: https://pro.dendreo.com/competences_et_metiers/api/laps.php
2025-05-30 15:35:21,234 - httpx - INFO - HTTP Request: GET https://pro.dendreo.com/competences_et_metiers/api/laps.php?id_action_de_formation=222&include=participactions&key=BaBVostSCz5RTGIwszf8 "HTTP/1.1 200 OK"
2025-05-30 15:35:21,236 - app.services.dendreo_client - INFO - Making request to Dendreo API: https://pro.dendreo.com/competences_et_metiers/api/laps.php
2025-05-30 15:35:21,730 - httpx - INFO - HTTP Request: GET https://pro.dendreo.com/competences_et_metiers/api/laps.php?id_action_de_formation=223&include=participactions&key=BaBVostSCz5RTGIwszf8 "HTTP/1.1 200 OK"
2025-05-30 15:35:21,736 - app.services.dendreo_client - INFO - Making request to Dendreo API: https://pro.dendreo.com/competences_et_metiers/api/laps.php
2025-05-30 15:35:22,201 - httpx - INFO - HTTP Request: GET https://pro.dendreo.com/competences_et_metiers/api/laps.php?id_action_de_formation=224&include=participactions&key=BaBVostSCz5RTGIwszf8 "HTTP/1.1 200 OK"
2025-05-30 15:35:22,204 - app.services.dendreo_client - INFO - Making request to Dendreo API: https://pro.dendreo.com/competences_et_metiers/api/laps.php
2025-05-30 15:35:22,656 - httpx - INFO - HTTP Request: GET https://pro.dendreo.com/competences_et_metiers/api/laps.php?id_action_de_formation=225&include=participactions&key=BaBVostSCz5RTGIwszf8 "HTTP/1.1 200 OK"
2025-05-30 15:35:22,658 - app.services.dendreo_client - INFO - Making request to Dendreo API: https://pro.dendreo.com/competences_et_metiers/api/laps.php
2025-05-30 15:35:23,093 - httpx - INFO - HTTP Request: GET https://pro.dendreo.com/competences_et_metiers/api/laps.php?id_action_de_formation=226&include=participactions&key=BaBVostSCz5RTGIwszf8 "HTTP/1.1 200 OK"
2025-05-30 15:35:23,095 - app.services.dendreo_client - INFO - Making request to Dendreo API: https://pro.dendreo.com/competences_et_metiers/api/laps.php
2025-05-30 15:35:23,755 - httpx - INFO - HTTP Request: GET https://pro.dendreo.com/competences_et_metiers/api/laps.php?id_action_de_formation=229&include=participactions&key=BaBVostSCz5RTGIwszf8 "HTTP/1.1 200 OK"
2025-05-30 15:35:23,774 - app.services.dendreo_client - INFO - Making request to Dendreo API: https://pro.dendreo.com/competences_et_metiers/api/laps.php
2025-05-30 15:35:24,253 - httpx - INFO - HTTP Request: GET https://pro.dendreo.com/competences_et_metiers/api/laps.php?id_action_de_formation=230&include=participactions&key=BaBVostSCz5RTGIwszf8 "HTTP/1.1 200 OK"
2025-05-30 15:35:24,256 - app.services.dendreo_client - INFO - Making request to Dendreo API: https://pro.dendreo.com/competences_et_metiers/api/laps.php
2025-05-30 15:35:24,757 - httpx - INFO - HTTP Request: GET https://pro.dendreo.com/competences_et_metiers/api/laps.php?id_action_de_formation=231&include=participactions&key=BaBVostSCz5RTGIwszf8 "HTTP/1.1 200 OK"
2025-05-30 15:35:24,759 - app.services.dendreo_client - INFO - Making request to Dendreo API: https://pro.dendreo.com/competences_et_metiers/api/laps.php
2025-05-30 15:35:25,264 - httpx - INFO - HTTP Request: GET https://pro.dendreo.com/competences_et_metiers/api/laps.php?id_action_de_formation=232&include=participactions&key=BaBVostSCz5RTGIwszf8 "HTTP/1.1 200 OK"
2025-05-30 15:35:25,266 - app.services.dendreo_client - INFO - Making request to Dendreo API: https://pro.dendreo.com/competences_et_metiers/api/laps.php
2025-05-30 15:35:25,741 - httpx - INFO - HTTP Request: GET https://pro.dendreo.com/competences_et_metiers/api/laps.php?id_action_de_formation=233&include=participactions&key=BaBVostSCz5RTGIwszf8 "HTTP/1.1 200 OK"
2025-05-30 15:35:25,744 - app.services.dendreo_client - INFO - Making request to Dendreo API: https://pro.dendreo.com/competences_et_metiers/api/laps.php
2025-05-30 15:35:26,348 - httpx - INFO - HTTP Request: GET https://pro.dendreo.com/competences_et_metiers/api/laps.php?id_action_de_formation=235&include=participactions&key=BaBVostSCz5RTGIwszf8 "HTTP/1.1 200 OK"
2025-05-30 15:35:26,349 - app.services.dendreo_client - INFO - Making request to Dendreo API: https://pro.dendreo.com/competences_et_metiers/api/laps.php
2025-05-30 15:35:26,839 - httpx - INFO - HTTP Request: GET https://pro.dendreo.com/competences_et_metiers/api/laps.php?id_action_de_formation=238&include=participactions&key=BaBVostSCz5RTGIwszf8 "HTTP/1.1 200 OK"
2025-05-30 15:35:26,842 - app.services.dendreo_client - INFO - Making request to Dendreo API: https://pro.dendreo.com/competences_et_metiers/api/laps.php
2025-05-30 15:35:27,283 - httpx - INFO - HTTP Request: GET https://pro.dendreo.com/competences_et_metiers/api/laps.php?id_action_de_formation=239&include=participactions&key=BaBVostSCz5RTGIwszf8 "HTTP/1.1 200 OK"
2025-05-30 15:35:27,285 - app.services.dendreo_client - INFO - Making request to Dendreo API: https://pro.dendreo.com/competences_et_metiers/api/laps.php
2025-05-30 15:35:27,768 - httpx - INFO - HTTP Request: GET https://pro.dendreo.com/competences_et_metiers/api/laps.php?id_action_de_formation=240&include=participactions&key=BaBVostSCz5RTGIwszf8 "HTTP/1.1 200 OK"
2025-05-30 15:35:27,792 - app.services.dendreo_sync - INFO - Processing ADF batch 3/6
2025-05-30 15:35:27,793 - app.services.dendreo_client - INFO - Making request to Dendreo API: https://pro.dendreo.com/competences_et_metiers/api/laps.php
2025-05-30 15:35:28,243 - httpx - INFO - HTTP Request: GET https://pro.dendreo.com/competences_et_metiers/api/laps.php?id_action_de_formation=241&include=participactions&key=BaBVostSCz5RTGIwszf8 "HTTP/1.1 200 OK"
2025-05-30 15:35:28,246 - app.services.dendreo_client - INFO - Making request to Dendreo API: https://pro.dendreo.com/competences_et_metiers/api/laps.php
2025-05-30 15:35:28,723 - httpx - INFO - HTTP Request: GET https://pro.dendreo.com/competences_et_metiers/api/laps.php?id_action_de_formation=242&include=participactions&key=BaBVostSCz5RTGIwszf8 "HTTP/1.1 200 OK"
2025-05-30 15:35:28,729 - app.services.dendreo_client - INFO - Making request to Dendreo API: https://pro.dendreo.com/competences_et_metiers/api/laps.php
2025-05-30 15:35:29,211 - httpx - INFO - HTTP Request: GET https://pro.dendreo.com/competences_et_metiers/api/laps.php?id_action_de_formation=243&include=participactions&key=BaBVostSCz5RTGIwszf8 "HTTP/1.1 200 OK"
2025-05-30 15:35:29,218 - app.services.dendreo_client - INFO - Making request to Dendreo API: https://pro.dendreo.com/competences_et_metiers/api/laps.php
2025-05-30 15:35:29,669 - httpx - INFO - HTTP Request: GET https://pro.dendreo.com/competences_et_metiers/api/laps.php?id_action_de_formation=244&include=participactions&key=BaBVostSCz5RTGIwszf8 "HTTP/1.1 200 OK"
2025-05-30 15:35:29,671 - app.services.dendreo_client - INFO - Making request to Dendreo API: https://pro.dendreo.com/competences_et_metiers/api/laps.php
2025-05-30 15:35:30,117 - httpx - INFO - HTTP Request: GET https://pro.dendreo.com/competences_et_metiers/api/laps.php?id_action_de_formation=245&include=participactions&key=BaBVostSCz5RTGIwszf8 "HTTP/1.1 200 OK"
2025-05-30 15:35:30,122 - app.services.dendreo_client - INFO - Making request to Dendreo API: https://pro.dendreo.com/competences_et_metiers/api/laps.php
2025-05-30 15:35:30,627 - httpx - INFO - HTTP Request: GET https://pro.dendreo.com/competences_et_metiers/api/laps.php?id_action_de_formation=246&include=participactions&key=BaBVostSCz5RTGIwszf8 "HTTP/1.1 200 OK"
2025-05-30 15:35:30,629 - app.services.dendreo_client - INFO - Making request to Dendreo API: https://pro.dendreo.com/competences_et_metiers/api/laps.php
2025-05-30 15:35:31,089 - httpx - INFO - HTTP Request: GET https://pro.dendreo.com/competences_et_metiers/api/laps.php?id_action_de_formation=247&include=participactions&key=BaBVostSCz5RTGIwszf8 "HTTP/1.1 200 OK"
2025-05-30 15:35:31,091 - app.services.dendreo_client - INFO - Making request to Dendreo API: https://pro.dendreo.com/competences_et_metiers/api/laps.php
2025-05-30 15:35:31,606 - httpx - INFO - HTTP Request: GET https://pro.dendreo.com/competences_et_metiers/api/laps.php?id_action_de_formation=248&include=participactions&key=BaBVostSCz5RTGIwszf8 "HTTP/1.1 200 OK"
2025-05-30 15:35:31,608 - app.services.dendreo_client - INFO - Making request to Dendreo API: https://pro.dendreo.com/competences_et_metiers/api/laps.php
2025-05-30 15:35:32,085 - httpx - INFO - HTTP Request: GET https://pro.dendreo.com/competences_et_metiers/api/laps.php?id_action_de_formation=249&include=participactions&key=BaBVostSCz5RTGIwszf8 "HTTP/1.1 200 OK"
2025-05-30 15:35:32,087 - app.services.dendreo_client - INFO - Making request to Dendreo API: https://pro.dendreo.com/competences_et_metiers/api/laps.php
2025-05-30 15:35:32,583 - httpx - INFO - HTTP Request: GET https://pro.dendreo.com/competences_et_metiers/api/laps.php?id_action_de_formation=250&include=participactions&key=BaBVostSCz5RTGIwszf8 "HTTP/1.1 200 OK"
2025-05-30 15:35:32,587 - app.services.dendreo_client - INFO - Making request to Dendreo API: https://pro.dendreo.com/competences_et_metiers/api/laps.php
2025-05-30 15:35:33,101 - httpx - INFO - HTTP Request: GET https://pro.dendreo.com/competences_et_metiers/api/laps.php?id_action_de_formation=251&include=participactions&key=BaBVostSCz5RTGIwszf8 "HTTP/1.1 200 OK"
2025-05-30 15:35:33,103 - app.services.dendreo_client - INFO - Making request to Dendreo API: https://pro.dendreo.com/competences_et_metiers/api/laps.php
2025-05-30 15:35:33,602 - httpx - INFO - HTTP Request: GET https://pro.dendreo.com/competences_et_metiers/api/laps.php?id_action_de_formation=252&include=participactions&key=BaBVostSCz5RTGIwszf8 "HTTP/1.1 200 OK"
2025-05-30 15:35:33,606 - app.services.dendreo_client - INFO - Making request to Dendreo API: https://pro.dendreo.com/competences_et_metiers/api/laps.php
2025-05-30 15:35:34,128 - httpx - INFO - HTTP Request: GET https://pro.dendreo.com/competences_et_metiers/api/laps.php?id_action_de_formation=253&include=participactions&key=BaBVostSCz5RTGIwszf8 "HTTP/1.1 200 OK"
2025-05-30 15:35:34,133 - app.services.dendreo_client - INFO - Making request to Dendreo API: https://pro.dendreo.com/competences_et_metiers/api/laps.php
2025-05-30 15:35:34,634 - httpx - INFO - HTTP Request: GET https://pro.dendreo.com/competences_et_metiers/api/laps.php?id_action_de_formation=255&include=participactions&key=BaBVostSCz5RTGIwszf8 "HTTP/1.1 200 OK"
2025-05-30 15:35:34,636 - app.services.dendreo_client - INFO - Making request to Dendreo API: https://pro.dendreo.com/competences_et_metiers/api/laps.php
2025-05-30 15:35:35,109 - httpx - INFO - HTTP Request: GET https://pro.dendreo.com/competences_et_metiers/api/laps.php?id_action_de_formation=256&include=participactions&key=BaBVostSCz5RTGIwszf8 "HTTP/1.1 200 OK"
2025-05-30 15:35:35,112 - app.services.dendreo_client - INFO - Making request to Dendreo API: https://pro.dendreo.com/competences_et_metiers/api/laps.php
2025-05-30 15:35:35,625 - httpx - INFO - HTTP Request: GET https://pro.dendreo.com/competences_et_metiers/api/laps.php?id_action_de_formation=257&include=participactions&key=BaBVostSCz5RTGIwszf8 "HTTP/1.1 200 OK"
2025-05-30 15:35:35,628 - app.services.dendreo_client - INFO - Making request to Dendreo API: https://pro.dendreo.com/competences_et_metiers/api/laps.php
2025-05-30 15:35:36,125 - httpx - INFO - HTTP Request: GET https://pro.dendreo.com/competences_et_metiers/api/laps.php?id_action_de_formation=258&include=participactions&key=BaBVostSCz5RTGIwszf8 "HTTP/1.1 200 OK"
2025-05-30 15:35:36,128 - app.services.dendreo_client - INFO - Making request to Dendreo API: https://pro.dendreo.com/competences_et_metiers/api/laps.php
2025-05-30 15:35:36,610 - httpx - INFO - HTTP Request: GET https://pro.dendreo.com/competences_et_metiers/api/laps.php?id_action_de_formation=259&include=participactions&key=BaBVostSCz5RTGIwszf8 "HTTP/1.1 200 OK"
2025-05-30 15:35:36,614 - app.services.dendreo_client - INFO - Making request to Dendreo API: https://pro.dendreo.com/competences_et_metiers/api/laps.php
2025-05-30 15:35:37,106 - httpx - INFO - HTTP Request: GET https://pro.dendreo.com/competences_et_metiers/api/laps.php?id_action_de_formation=260&include=participactions&key=BaBVostSCz5RTGIwszf8 "HTTP/1.1 200 OK"
2025-05-30 15:35:37,109 - app.services.dendreo_client - INFO - Making request to Dendreo API: https://pro.dendreo.com/competences_et_metiers/api/laps.php
2025-05-30 15:35:37,617 - httpx - INFO - HTTP Request: GET https://pro.dendreo.com/competences_et_metiers/api/laps.php?id_action_de_formation=261&include=participactions&key=BaBVostSCz5RTGIwszf8 "HTTP/1.1 200 OK"
2025-05-30 15:35:37,620 - app.services.dendreo_client - INFO - Making request to Dendreo API: https://pro.dendreo.com/competences_et_metiers/api/laps.php
2025-05-30 15:35:38,109 - httpx - INFO - HTTP Request: GET https://pro.dendreo.com/competences_et_metiers/api/laps.php?id_action_de_formation=262&include=participactions&key=BaBVostSCz5RTGIwszf8 "HTTP/1.1 200 OK"
2025-05-30 15:35:38,112 - app.services.dendreo_client - INFO - Making request to Dendreo API: https://pro.dendreo.com/competences_et_metiers/api/laps.php
2025-05-30 15:35:38,588 - httpx - INFO - HTTP Request: GET https://pro.dendreo.com/competences_et_metiers/api/laps.php?id_action_de_formation=263&include=participactions&key=BaBVostSCz5RTGIwszf8 "HTTP/1.1 200 OK"
2025-05-30 15:35:38,591 - app.services.dendreo_client - INFO - Making request to Dendreo API: https://pro.dendreo.com/competences_et_metiers/api/laps.php
2025-05-30 15:35:39,057 - httpx - INFO - HTTP Request: GET https://pro.dendreo.com/competences_et_metiers/api/laps.php?id_action_de_formation=264&include=participactions&key=BaBVostSCz5RTGIwszf8 "HTTP/1.1 200 OK"
2025-05-30 15:35:39,062 - app.services.dendreo_client - INFO - Making request to Dendreo API: https://pro.dendreo.com/competences_et_metiers/api/laps.php
2025-05-30 15:35:39,578 - httpx - INFO - HTTP Request: GET https://pro.dendreo.com/competences_et_metiers/api/laps.php?id_action_de_formation=265&include=participactions&key=BaBVostSCz5RTGIwszf8 "HTTP/1.1 200 OK"
2025-05-30 15:35:39,581 - app.services.dendreo_client - INFO - Making request to Dendreo API: https://pro.dendreo.com/competences_et_metiers/api/laps.php
2025-05-30 15:35:40,272 - httpx - INFO - HTTP Request: GET https://pro.dendreo.com/competences_et_metiers/api/laps.php?id_action_de_formation=266&include=participactions&key=BaBVostSCz5RTGIwszf8 "HTTP/1.1 200 OK"
2025-05-30 15:35:40,287 - app.services.dendreo_client - INFO - Making request to Dendreo API: https://pro.dendreo.com/competences_et_metiers/api/laps.php
2025-05-30 15:35:40,799 - httpx - INFO - HTTP Request: GET https://pro.dendreo.com/competences_et_metiers/api/laps.php?id_action_de_formation=267&include=participactions&key=BaBVostSCz5RTGIwszf8 "HTTP/1.1 200 OK"
2025-05-30 15:35:40,802 - app.services.dendreo_client - INFO - Making request to Dendreo API: https://pro.dendreo.com/competences_et_metiers/api/laps.php
2025-05-30 15:35:41,271 - httpx - INFO - HTTP Request: GET https://pro.dendreo.com/competences_et_metiers/api/laps.php?id_action_de_formation=268&include=participactions&key=BaBVostSCz5RTGIwszf8 "HTTP/1.1 200 OK"
2025-05-30 15:35:41,273 - app.services.dendreo_client - INFO - Making request to Dendreo API: https://pro.dendreo.com/competences_et_metiers/api/laps.php
2025-05-30 15:35:41,834 - httpx - INFO - HTTP Request: GET https://pro.dendreo.com/competences_et_metiers/api/laps.php?id_action_de_formation=269&include=participactions&key=BaBVostSCz5RTGIwszf8 "HTTP/1.1 200 OK"
2025-05-30 15:35:41,836 - app.services.dendreo_client - INFO - Making request to Dendreo API: https://pro.dendreo.com/competences_et_metiers/api/laps.php
2025-05-30 15:35:42,326 - httpx - INFO - HTTP Request: GET https://pro.dendreo.com/competences_et_metiers/api/laps.php?id_action_de_formation=270&include=participactions&key=BaBVostSCz5RTGIwszf8 "HTTP/1.1 200 OK"
2025-05-30 15:35:42,328 - app.services.dendreo_client - INFO - Making request to Dendreo API: https://pro.dendreo.com/competences_et_metiers/api/laps.php
2025-05-30 15:35:42,840 - httpx - INFO - HTTP Request: GET https://pro.dendreo.com/competences_et_metiers/api/laps.php?id_action_de_formation=271&include=participactions&key=BaBVostSCz5RTGIwszf8 "HTTP/1.1 200 OK"
2025-05-30 15:35:42,842 - app.services.dendreo_client - INFO - Making request to Dendreo API: https://pro.dendreo.com/competences_et_metiers/api/laps.php
2025-05-30 15:35:43,343 - httpx - INFO - HTTP Request: GET https://pro.dendreo.com/competences_et_metiers/api/laps.php?id_action_de_formation=272&include=participactions&key=BaBVostSCz5RTGIwszf8 "HTTP/1.1 200 OK"
2025-05-30 15:35:43,347 - app.services.dendreo_client - INFO - Making request to Dendreo API: https://pro.dendreo.com/competences_et_metiers/api/laps.php
2025-05-30 15:35:44,027 - httpx - INFO - HTTP Request: GET https://pro.dendreo.com/competences_et_metiers/api/laps.php?id_action_de_formation=273&include=participactions&key=BaBVostSCz5RTGIwszf8 "HTTP/1.1 200 OK"
2025-05-30 15:35:44,034 - app.services.dendreo_client - INFO - Making request to Dendreo API: https://pro.dendreo.com/competences_et_metiers/api/laps.php
2025-05-30 15:35:44,556 - httpx - INFO - HTTP Request: GET https://pro.dendreo.com/competences_et_metiers/api/laps.php?id_action_de_formation=274&include=participactions&key=BaBVostSCz5RTGIwszf8 "HTTP/1.1 200 OK"
2025-05-30 15:35:44,564 - app.services.dendreo_client - INFO - Making request to Dendreo API: https://pro.dendreo.com/competences_et_metiers/api/laps.php
2025-05-30 15:35:45,841 - httpx - INFO - HTTP Request: GET https://pro.dendreo.com/competences_et_metiers/api/laps.php?id_action_de_formation=275&include=participactions&key=BaBVostSCz5RTGIwszf8 "HTTP/1.1 200 OK"
2025-05-30 15:35:45,848 - app.services.dendreo_client - INFO - Making request to Dendreo API: https://pro.dendreo.com/competences_et_metiers/api/laps.php
2025-05-30 15:35:46,576 - httpx - INFO - HTTP Request: GET https://pro.dendreo.com/competences_et_metiers/api/laps.php?id_action_de_formation=276&include=participactions&key=BaBVostSCz5RTGIwszf8 "HTTP/1.1 200 OK"
2025-05-30 15:35:46,584 - app.services.dendreo_client - INFO - Making request to Dendreo API: https://pro.dendreo.com/competences_et_metiers/api/laps.php
2025-05-30 15:35:47,361 - httpx - INFO - HTTP Request: GET https://pro.dendreo.com/competences_et_metiers/api/laps.php?id_action_de_formation=277&include=participactions&key=BaBVostSCz5RTGIwszf8 "HTTP/1.1 200 OK"
2025-05-30 15:35:47,369 - app.services.dendreo_client - INFO - Making request to Dendreo API: https://pro.dendreo.com/competences_et_metiers/api/laps.php
2025-05-30 15:35:47,910 - httpx - INFO - HTTP Request: GET https://pro.dendreo.com/competences_et_metiers/api/laps.php?id_action_de_formation=278&include=participactions&key=BaBVostSCz5RTGIwszf8 "HTTP/1.1 200 OK"
2025-05-30 15:35:47,918 - app.services.dendreo_client - INFO - Making request to Dendreo API: https://pro.dendreo.com/competences_et_metiers/api/laps.php
2025-05-30 15:35:48,540 - httpx - INFO - HTTP Request: GET https://pro.dendreo.com/competences_et_metiers/api/laps.php?id_action_de_formation=279&include=participactions&key=BaBVostSCz5RTGIwszf8 "HTTP/1.1 200 OK"
2025-05-30 15:35:48,547 - app.services.dendreo_client - INFO - Making request to Dendreo API: https://pro.dendreo.com/competences_et_metiers/api/laps.php
2025-05-30 15:35:49,328 - httpx - INFO - HTTP Request: GET https://pro.dendreo.com/competences_et_metiers/api/laps.php?id_action_de_formation=281&include=participactions&key=BaBVostSCz5RTGIwszf8 "HTTP/1.1 200 OK"
2025-05-30 15:35:49,336 - app.services.dendreo_client - INFO - Making request to Dendreo API: https://pro.dendreo.com/competences_et_metiers/api/laps.php
2025-05-30 15:35:49,991 - httpx - INFO - HTTP Request: GET https://pro.dendreo.com/competences_et_metiers/api/laps.php?id_action_de_formation=283&include=participactions&key=BaBVostSCz5RTGIwszf8 "HTTP/1.1 200 OK"
2025-05-30 15:35:49,996 - app.services.dendreo_client - INFO - Making request to Dendreo API: https://pro.dendreo.com/competences_et_metiers/api/laps.php
2025-05-30 15:35:50,607 - httpx - INFO - HTTP Request: GET https://pro.dendreo.com/competences_et_metiers/api/laps.php?id_action_de_formation=284&include=participactions&key=BaBVostSCz5RTGIwszf8 "HTTP/1.1 200 OK"
2025-05-30 15:35:50,610 - app.services.dendreo_client - INFO - Making request to Dendreo API: https://pro.dendreo.com/competences_et_metiers/api/laps.php
2025-05-30 15:35:51,169 - httpx - INFO - HTTP Request: GET https://pro.dendreo.com/competences_et_metiers/api/laps.php?id_action_de_formation=286&include=participactions&key=BaBVostSCz5RTGIwszf8 "HTTP/1.1 200 OK"
2025-05-30 15:35:51,175 - app.services.dendreo_client - INFO - Making request to Dendreo API: https://pro.dendreo.com/competences_et_metiers/api/laps.php
2025-05-30 15:35:51,833 - httpx - INFO - HTTP Request: GET https://pro.dendreo.com/competences_et_metiers/api/laps.php?id_action_de_formation=287&include=participactions&key=BaBVostSCz5RTGIwszf8 "HTTP/1.1 200 OK"
2025-05-30 15:35:51,836 - app.services.dendreo_client - INFO - Making request to Dendreo API: https://pro.dendreo.com/competences_et_metiers/api/laps.php
2025-05-30 15:35:52,408 - httpx - INFO - HTTP Request: GET https://pro.dendreo.com/competences_et_metiers/api/laps.php?id_action_de_formation=289&include=participactions&key=BaBVostSCz5RTGIwszf8 "HTTP/1.1 200 OK"
2025-05-30 15:35:52,410 - app.services.dendreo_client - INFO - Making request to Dendreo API: https://pro.dendreo.com/competences_et_metiers/api/laps.php
2025-05-30 15:35:52,938 - httpx - INFO - HTTP Request: GET https://pro.dendreo.com/competences_et_metiers/api/laps.php?id_action_de_formation=290&include=participactions&key=BaBVostSCz5RTGIwszf8 "HTTP/1.1 200 OK"
2025-05-30 15:35:52,940 - app.services.dendreo_client - INFO - Making request to Dendreo API: https://pro.dendreo.com/competences_et_metiers/api/laps.php
2025-05-30 15:35:53,479 - httpx - INFO - HTTP Request: GET https://pro.dendreo.com/competences_et_metiers/api/laps.php?id_action_de_formation=291&include=participactions&key=BaBVostSCz5RTGIwszf8 "HTTP/1.1 200 OK"
2025-05-30 15:35:53,486 - app.services.dendreo_client - INFO - Making request to Dendreo API: https://pro.dendreo.com/competences_et_metiers/api/laps.php
2025-05-30 15:35:54,037 - httpx - INFO - HTTP Request: GET https://pro.dendreo.com/competences_et_metiers/api/laps.php?id_action_de_formation=292&include=participactions&key=BaBVostSCz5RTGIwszf8 "HTTP/1.1 200 OK"
2025-05-30 15:35:54,039 - app.services.dendreo_client - INFO - Making request to Dendreo API: https://pro.dendreo.com/competences_et_metiers/api/laps.php
2025-05-30 15:35:54,557 - httpx - INFO - HTTP Request: GET https://pro.dendreo.com/competences_et_metiers/api/laps.php?id_action_de_formation=294&include=participactions&key=BaBVostSCz5RTGIwszf8 "HTTP/1.1 200 OK"
2025-05-30 15:35:54,565 - app.services.dendreo_sync - INFO - Processing ADF batch 4/6
2025-05-30 15:35:54,566 - app.services.dendreo_client - INFO - Making request to Dendreo API: https://pro.dendreo.com/competences_et_metiers/api/laps.php
2025-05-30 15:35:55,053 - httpx - INFO - HTTP Request: GET https://pro.dendreo.com/competences_et_metiers/api/laps.php?id_action_de_formation=295&include=participactions&key=BaBVostSCz5RTGIwszf8 "HTTP/1.1 200 OK"
2025-05-30 15:35:55,056 - app.services.dendreo_client - INFO - Making request to Dendreo API: https://pro.dendreo.com/competences_et_metiers/api/laps.php
2025-05-30 15:35:55,563 - httpx - INFO - HTTP Request: GET https://pro.dendreo.com/competences_et_metiers/api/laps.php?id_action_de_formation=296&include=participactions&key=BaBVostSCz5RTGIwszf8 "HTTP/1.1 200 OK"
2025-05-30 15:35:55,566 - app.services.dendreo_client - INFO - Making request to Dendreo API: https://pro.dendreo.com/competences_et_metiers/api/laps.php
2025-05-30 15:35:56,034 - httpx - INFO - HTTP Request: GET https://pro.dendreo.com/competences_et_metiers/api/laps.php?id_action_de_formation=297&include=participactions&key=BaBVostSCz5RTGIwszf8 "HTTP/1.1 200 OK"
2025-05-30 15:35:56,038 - app.services.dendreo_client - INFO - Making request to Dendreo API: https://pro.dendreo.com/competences_et_metiers/api/laps.php
2025-05-30 15:35:56,523 - httpx - INFO - HTTP Request: GET https://pro.dendreo.com/competences_et_metiers/api/laps.php?id_action_de_formation=298&include=participactions&key=BaBVostSCz5RTGIwszf8 "HTTP/1.1 200 OK"
2025-05-30 15:35:56,529 - app.services.dendreo_client - INFO - Making request to Dendreo API: https://pro.dendreo.com/competences_et_metiers/api/laps.php
2025-05-30 15:35:56,989 - httpx - INFO - HTTP Request: GET https://pro.dendreo.com/competences_et_metiers/api/laps.php?id_action_de_formation=299&include=participactions&key=BaBVostSCz5RTGIwszf8 "HTTP/1.1 200 OK"
2025-05-30 15:35:56,998 - app.services.dendreo_client - INFO - Making request to Dendreo API: https://pro.dendreo.com/competences_et_metiers/api/laps.php
2025-05-30 15:35:57,535 - httpx - INFO - HTTP Request: GET https://pro.dendreo.com/competences_et_metiers/api/laps.php?id_action_de_formation=303&include=participactions&key=BaBVostSCz5RTGIwszf8 "HTTP/1.1 200 OK"
2025-05-30 15:35:57,539 - app.services.dendreo_client - INFO - Making request to Dendreo API: https://pro.dendreo.com/competences_et_metiers/api/laps.php
2025-05-30 15:35:58,088 - httpx - INFO - HTTP Request: GET https://pro.dendreo.com/competences_et_metiers/api/laps.php?id_action_de_formation=304&include=participactions&key=BaBVostSCz5RTGIwszf8 "HTTP/1.1 200 OK"
2025-05-30 15:35:58,093 - app.services.dendreo_client - INFO - Making request to Dendreo API: https://pro.dendreo.com/competences_et_metiers/api/laps.php
2025-05-30 15:35:58,566 - httpx - INFO - HTTP Request: GET https://pro.dendreo.com/competences_et_metiers/api/laps.php?id_action_de_formation=305&include=participactions&key=BaBVostSCz5RTGIwszf8 "HTTP/1.1 200 OK"
2025-05-30 15:35:58,573 - app.services.dendreo_client - INFO - Making request to Dendreo API: https://pro.dendreo.com/competences_et_metiers/api/laps.php
2025-05-30 15:35:59,168 - httpx - INFO - HTTP Request: GET https://pro.dendreo.com/competences_et_metiers/api/laps.php?id_action_de_formation=308&include=participactions&key=BaBVostSCz5RTGIwszf8 "HTTP/1.1 200 OK"
2025-05-30 15:35:59,173 - app.services.dendreo_client - INFO - Making request to Dendreo API: https://pro.dendreo.com/competences_et_metiers/api/laps.php
2025-05-30 15:35:59,696 - httpx - INFO - HTTP Request: GET https://pro.dendreo.com/competences_et_metiers/api/laps.php?id_action_de_formation=309&include=participactions&key=BaBVostSCz5RTGIwszf8 "HTTP/1.1 200 OK"
2025-05-30 15:35:59,699 - app.services.dendreo_client - INFO - Making request to Dendreo API: https://pro.dendreo.com/competences_et_metiers/api/laps.php
2025-05-30 15:36:00,144 - httpx - INFO - HTTP Request: GET https://pro.dendreo.com/competences_et_metiers/api/laps.php?id_action_de_formation=311&include=participactions&key=BaBVostSCz5RTGIwszf8 "HTTP/1.1 200 OK"
2025-05-30 15:36:00,147 - app.services.dendreo_client - INFO - Making request to Dendreo API: https://pro.dendreo.com/competences_et_metiers/api/laps.php
2025-05-30 15:36:00,640 - httpx - INFO - HTTP Request: GET https://pro.dendreo.com/competences_et_metiers/api/laps.php?id_action_de_formation=312&include=participactions&key=BaBVostSCz5RTGIwszf8 "HTTP/1.1 200 OK"
2025-05-30 15:36:00,643 - app.services.dendreo_client - INFO - Making request to Dendreo API: https://pro.dendreo.com/competences_et_metiers/api/laps.php
2025-05-30 15:36:01,098 - httpx - INFO - HTTP Request: GET https://pro.dendreo.com/competences_et_metiers/api/laps.php?id_action_de_formation=313&include=participactions&key=BaBVostSCz5RTGIwszf8 "HTTP/1.1 200 OK"
2025-05-30 15:36:01,101 - app.services.dendreo_client - INFO - Making request to Dendreo API: https://pro.dendreo.com/competences_et_metiers/api/laps.php
2025-05-30 15:36:01,593 - httpx - INFO - HTTP Request: GET https://pro.dendreo.com/competences_et_metiers/api/laps.php?id_action_de_formation=314&include=participactions&key=BaBVostSCz5RTGIwszf8 "HTTP/1.1 200 OK"
2025-05-30 15:36:01,596 - app.services.dendreo_client - INFO - Making request to Dendreo API: https://pro.dendreo.com/competences_et_metiers/api/laps.php
2025-05-30 15:36:02,066 - httpx - INFO - HTTP Request: GET https://pro.dendreo.com/competences_et_metiers/api/laps.php?id_action_de_formation=315&include=participactions&key=BaBVostSCz5RTGIwszf8 "HTTP/1.1 200 OK"
2025-05-30 15:36:02,072 - app.services.dendreo_client - INFO - Making request to Dendreo API: https://pro.dendreo.com/competences_et_metiers/api/laps.php
2025-05-30 15:36:02,541 - httpx - INFO - HTTP Request: GET https://pro.dendreo.com/competences_et_metiers/api/laps.php?id_action_de_formation=316&include=participactions&key=BaBVostSCz5RTGIwszf8 "HTTP/1.1 200 OK"
2025-05-30 15:36:02,544 - app.services.dendreo_client - INFO - Making request to Dendreo API: https://pro.dendreo.com/competences_et_metiers/api/laps.php
2025-05-30 15:36:02,988 - httpx - INFO - HTTP Request: GET https://pro.dendreo.com/competences_et_metiers/api/laps.php?id_action_de_formation=317&include=participactions&key=BaBVostSCz5RTGIwszf8 "HTTP/1.1 200 OK"
2025-05-30 15:36:02,991 - app.services.dendreo_client - INFO - Making request to Dendreo API: https://pro.dendreo.com/competences_et_metiers/api/laps.php
2025-05-30 15:36:03,514 - httpx - INFO - HTTP Request: GET https://pro.dendreo.com/competences_et_metiers/api/laps.php?id_action_de_formation=318&include=participactions&key=BaBVostSCz5RTGIwszf8 "HTTP/1.1 200 OK"
2025-05-30 15:36:03,516 - app.services.dendreo_client - INFO - Making request to Dendreo API: https://pro.dendreo.com/competences_et_metiers/api/laps.php
2025-05-30 15:36:04,003 - httpx - INFO - HTTP Request: GET https://pro.dendreo.com/competences_et_metiers/api/laps.php?id_action_de_formation=319&include=participactions&key=BaBVostSCz5RTGIwszf8 "HTTP/1.1 200 OK"
2025-05-30 15:36:04,007 - app.services.dendreo_client - INFO - Making request to Dendreo API: https://pro.dendreo.com/competences_et_metiers/api/laps.php
2025-05-30 15:36:04,516 - httpx - INFO - HTTP Request: GET https://pro.dendreo.com/competences_et_metiers/api/laps.php?id_action_de_formation=320&include=participactions&key=BaBVostSCz5RTGIwszf8 "HTTP/1.1 200 OK"
2025-05-30 15:36:04,518 - app.services.dendreo_client - INFO - Making request to Dendreo API: https://pro.dendreo.com/competences_et_metiers/api/laps.php
2025-05-30 15:36:05,056 - httpx - INFO - HTTP Request: GET https://pro.dendreo.com/competences_et_metiers/api/laps.php?id_action_de_formation=321&include=participactions&key=BaBVostSCz5RTGIwszf8 "HTTP/1.1 200 OK"
2025-05-30 15:36:05,063 - app.services.dendreo_client - INFO - Making request to Dendreo API: https://pro.dendreo.com/competences_et_metiers/api/laps.php
2025-05-30 15:36:05,556 - httpx - INFO - HTTP Request: GET https://pro.dendreo.com/competences_et_metiers/api/laps.php?id_action_de_formation=322&include=participactions&key=BaBVostSCz5RTGIwszf8 "HTTP/1.1 200 OK"
2025-05-30 15:36:05,558 - app.services.dendreo_client - INFO - Making request to Dendreo API: https://pro.dendreo.com/competences_et_metiers/api/laps.php
2025-05-30 15:36:06,052 - httpx - INFO - HTTP Request: GET https://pro.dendreo.com/competences_et_metiers/api/laps.php?id_action_de_formation=323&include=participactions&key=BaBVostSCz5RTGIwszf8 "HTTP/1.1 200 OK"
2025-05-30 15:36:06,059 - app.services.dendreo_client - INFO - Making request to Dendreo API: https://pro.dendreo.com/competences_et_metiers/api/laps.php
2025-05-30 15:36:06,585 - httpx - INFO - HTTP Request: GET https://pro.dendreo.com/competences_et_metiers/api/laps.php?id_action_de_formation=324&include=participactions&key=BaBVostSCz5RTGIwszf8 "HTTP/1.1 200 OK"
2025-05-30 15:36:06,587 - app.services.dendreo_client - INFO - Making request to Dendreo API: https://pro.dendreo.com/competences_et_metiers/api/laps.php
2025-05-30 15:36:07,064 - httpx - INFO - HTTP Request: GET https://pro.dendreo.com/competences_et_metiers/api/laps.php?id_action_de_formation=325&include=participactions&key=BaBVostSCz5RTGIwszf8 "HTTP/1.1 200 OK"
2025-05-30 15:36:07,067 - app.services.dendreo_client - INFO - Making request to Dendreo API: https://pro.dendreo.com/competences_et_metiers/api/laps.php
2025-05-30 15:36:07,506 - httpx - INFO - HTTP Request: GET https://pro.dendreo.com/competences_et_metiers/api/laps.php?id_action_de_formation=329&include=participactions&key=BaBVostSCz5RTGIwszf8 "HTTP/1.1 200 OK"
2025-05-30 15:36:07,524 - app.services.dendreo_client - INFO - Making request to Dendreo API: https://pro.dendreo.com/competences_et_metiers/api/laps.php
2025-05-30 15:36:07,974 - httpx - INFO - HTTP Request: GET https://pro.dendreo.com/competences_et_metiers/api/laps.php?id_action_de_formation=330&include=participactions&key=BaBVostSCz5RTGIwszf8 "HTTP/1.1 200 OK"
2025-05-30 15:36:07,977 - app.services.dendreo_client - INFO - Making request to Dendreo API: https://pro.dendreo.com/competences_et_metiers/api/laps.php
2025-05-30 15:36:08,459 - httpx - INFO - HTTP Request: GET https://pro.dendreo.com/competences_et_metiers/api/laps.php?id_action_de_formation=331&include=participactions&key=BaBVostSCz5RTGIwszf8 "HTTP/1.1 200 OK"
2025-05-30 15:36:08,466 - app.services.dendreo_client - INFO - Making request to Dendreo API: https://pro.dendreo.com/competences_et_metiers/api/laps.php
2025-05-30 15:36:08,936 - httpx - INFO - HTTP Request: GET https://pro.dendreo.com/competences_et_metiers/api/laps.php?id_action_de_formation=332&include=participactions&key=BaBVostSCz5RTGIwszf8 "HTTP/1.1 200 OK"
2025-05-30 15:36:08,940 - app.services.dendreo_client - INFO - Making request to Dendreo API: https://pro.dendreo.com/competences_et_metiers/api/laps.php
2025-05-30 15:36:09,485 - httpx - INFO - HTTP Request: GET https://pro.dendreo.com/competences_et_metiers/api/laps.php?id_action_de_formation=333&include=participactions&key=BaBVostSCz5RTGIwszf8 "HTTP/1.1 200 OK"
2025-05-30 15:36:09,487 - app.services.dendreo_client - INFO - Making request to Dendreo API: https://pro.dendreo.com/competences_et_metiers/api/laps.php
2025-05-30 15:36:09,975 - httpx - INFO - HTTP Request: GET https://pro.dendreo.com/competences_et_metiers/api/laps.php?id_action_de_formation=334&include=participactions&key=BaBVostSCz5RTGIwszf8 "HTTP/1.1 200 OK"
2025-05-30 15:36:09,977 - app.services.dendreo_client - INFO - Making request to Dendreo API: https://pro.dendreo.com/competences_et_metiers/api/laps.php
2025-05-30 15:36:10,460 - httpx - INFO - HTTP Request: GET https://pro.dendreo.com/competences_et_metiers/api/laps.php?id_action_de_formation=335&include=participactions&key=BaBVostSCz5RTGIwszf8 "HTTP/1.1 200 OK"
2025-05-30 15:36:10,462 - app.services.dendreo_client - INFO - Making request to Dendreo API: https://pro.dendreo.com/competences_et_metiers/api/laps.php
2025-05-30 15:36:10,982 - httpx - INFO - HTTP Request: GET https://pro.dendreo.com/competences_et_metiers/api/laps.php?id_action_de_formation=336&include=participactions&key=BaBVostSCz5RTGIwszf8 "HTTP/1.1 200 OK"
2025-05-30 15:36:10,986 - app.services.dendreo_client - INFO - Making request to Dendreo API: https://pro.dendreo.com/competences_et_metiers/api/laps.php
2025-05-30 15:36:11,482 - httpx - INFO - HTTP Request: GET https://pro.dendreo.com/competences_et_metiers/api/laps.php?id_action_de_formation=337&include=participactions&key=BaBVostSCz5RTGIwszf8 "HTTP/1.1 200 OK"
2025-05-30 15:36:11,486 - app.services.dendreo_client - INFO - Making request to Dendreo API: https://pro.dendreo.com/competences_et_metiers/api/laps.php
2025-05-30 15:36:11,957 - httpx - INFO - HTTP Request: GET https://pro.dendreo.com/competences_et_metiers/api/laps.php?id_action_de_formation=339&include=participactions&key=BaBVostSCz5RTGIwszf8 "HTTP/1.1 200 OK"
2025-05-30 15:36:11,960 - app.services.dendreo_client - INFO - Making request to Dendreo API: https://pro.dendreo.com/competences_et_metiers/api/laps.php
2025-05-30 15:36:12,421 - httpx - INFO - HTTP Request: GET https://pro.dendreo.com/competences_et_metiers/api/laps.php?id_action_de_formation=340&include=participactions&key=BaBVostSCz5RTGIwszf8 "HTTP/1.1 200 OK"
2025-05-30 15:36:12,427 - app.services.dendreo_client - INFO - Making request to Dendreo API: https://pro.dendreo.com/competences_et_metiers/api/laps.php
2025-05-30 15:36:12,920 - httpx - INFO - HTTP Request: GET https://pro.dendreo.com/competences_et_metiers/api/laps.php?id_action_de_formation=342&include=participactions&key=BaBVostSCz5RTGIwszf8 "HTTP/1.1 200 OK"
2025-05-30 15:36:12,922 - app.services.dendreo_client - INFO - Making request to Dendreo API: https://pro.dendreo.com/competences_et_metiers/api/laps.php
2025-05-30 15:36:13,360 - httpx - INFO - HTTP Request: GET https://pro.dendreo.com/competences_et_metiers/api/laps.php?id_action_de_formation=343&include=participactions&key=BaBVostSCz5RTGIwszf8 "HTTP/1.1 200 OK"
2025-05-30 15:36:13,362 - app.services.dendreo_client - INFO - Making request to Dendreo API: https://pro.dendreo.com/competences_et_metiers/api/laps.php
2025-05-30 15:36:13,822 - httpx - INFO - HTTP Request: GET https://pro.dendreo.com/competences_et_metiers/api/laps.php?id_action_de_formation=346&include=participactions&key=BaBVostSCz5RTGIwszf8 "HTTP/1.1 200 OK"
2025-05-30 15:36:13,824 - app.services.dendreo_client - INFO - Making request to Dendreo API: https://pro.dendreo.com/competences_et_metiers/api/laps.php
2025-05-30 15:36:14,303 - httpx - INFO - HTTP Request: GET https://pro.dendreo.com/competences_et_metiers/api/laps.php?id_action_de_formation=347&include=participactions&key=BaBVostSCz5RTGIwszf8 "HTTP/1.1 200 OK"
2025-05-30 15:36:14,305 - app.services.dendreo_client - INFO - Making request to Dendreo API: https://pro.dendreo.com/competences_et_metiers/api/laps.php
2025-05-30 15:36:14,775 - httpx - INFO - HTTP Request: GET https://pro.dendreo.com/competences_et_metiers/api/laps.php?id_action_de_formation=348&include=participactions&key=BaBVostSCz5RTGIwszf8 "HTTP/1.1 200 OK"
2025-05-30 15:36:14,782 - app.services.dendreo_client - INFO - Making request to Dendreo API: https://pro.dendreo.com/competences_et_metiers/api/laps.php
2025-05-30 15:36:15,274 - httpx - INFO - HTTP Request: GET https://pro.dendreo.com/competences_et_metiers/api/laps.php?id_action_de_formation=349&include=participactions&key=BaBVostSCz5RTGIwszf8 "HTTP/1.1 200 OK"
2025-05-30 15:36:15,276 - app.services.dendreo_client - INFO - Making request to Dendreo API: https://pro.dendreo.com/competences_et_metiers/api/laps.php
2025-05-30 15:36:15,767 - httpx - INFO - HTTP Request: GET https://pro.dendreo.com/competences_et_metiers/api/laps.php?id_action_de_formation=351&include=participactions&key=BaBVostSCz5RTGIwszf8 "HTTP/1.1 200 OK"
2025-05-30 15:36:15,769 - app.services.dendreo_client - INFO - Making request to Dendreo API: https://pro.dendreo.com/competences_et_metiers/api/laps.php
2025-05-30 15:36:16,213 - httpx - INFO - HTTP Request: GET https://pro.dendreo.com/competences_et_metiers/api/laps.php?id_action_de_formation=352&include=participactions&key=BaBVostSCz5RTGIwszf8 "HTTP/1.1 200 OK"
2025-05-30 15:36:16,215 - app.services.dendreo_client - INFO - Making request to Dendreo API: https://pro.dendreo.com/competences_et_metiers/api/laps.php
2025-05-30 15:36:16,663 - httpx - INFO - HTTP Request: GET https://pro.dendreo.com/competences_et_metiers/api/laps.php?id_action_de_formation=354&include=participactions&key=BaBVostSCz5RTGIwszf8 "HTTP/1.1 200 OK"
2025-05-30 15:36:16,681 - app.services.dendreo_sync - INFO - Processing ADF batch 5/6
2025-05-30 15:36:16,682 - app.services.dendreo_client - INFO - Making request to Dendreo API: https://pro.dendreo.com/competences_et_metiers/api/laps.php
2025-05-30 15:36:17,139 - httpx - INFO - HTTP Request: GET https://pro.dendreo.com/competences_et_metiers/api/laps.php?id_action_de_formation=355&include=participactions&key=BaBVostSCz5RTGIwszf8 "HTTP/1.1 200 OK"
2025-05-30 15:36:17,142 - app.services.dendreo_client - INFO - Making request to Dendreo API: https://pro.dendreo.com/competences_et_metiers/api/laps.php
2025-05-30 15:36:17,665 - httpx - INFO - HTTP Request: GET https://pro.dendreo.com/competences_et_metiers/api/laps.php?id_action_de_formation=356&include=participactions&key=BaBVostSCz5RTGIwszf8 "HTTP/1.1 200 OK"
2025-05-30 15:36:17,668 - app.services.dendreo_client - INFO - Making request to Dendreo API: https://pro.dendreo.com/competences_et_metiers/api/laps.php
2025-05-30 15:36:18,145 - httpx - INFO - HTTP Request: GET https://pro.dendreo.com/competences_et_metiers/api/laps.php?id_action_de_formation=357&include=participactions&key=BaBVostSCz5RTGIwszf8 "HTTP/1.1 200 OK"
2025-05-30 15:36:18,147 - app.services.dendreo_client - INFO - Making request to Dendreo API: https://pro.dendreo.com/competences_et_metiers/api/laps.php
2025-05-30 15:36:18,642 - httpx - INFO - HTTP Request: GET https://pro.dendreo.com/competences_et_metiers/api/laps.php?id_action_de_formation=358&include=participactions&key=BaBVostSCz5RTGIwszf8 "HTTP/1.1 200 OK"
2025-05-30 15:36:18,644 - app.services.dendreo_client - INFO - Making request to Dendreo API: https://pro.dendreo.com/competences_et_metiers/api/laps.php
2025-05-30 15:36:19,097 - httpx - INFO - HTTP Request: GET https://pro.dendreo.com/competences_et_metiers/api/laps.php?id_action_de_formation=359&include=participactions&key=BaBVostSCz5RTGIwszf8 "HTTP/1.1 200 OK"
2025-05-30 15:36:19,099 - app.services.dendreo_client - INFO - Making request to Dendreo API: https://pro.dendreo.com/competences_et_metiers/api/laps.php
2025-05-30 15:36:19,590 - httpx - INFO - HTTP Request: GET https://pro.dendreo.com/competences_et_metiers/api/laps.php?id_action_de_formation=360&include=participactions&key=BaBVostSCz5RTGIwszf8 "HTTP/1.1 200 OK"
2025-05-30 15:36:19,594 - app.services.dendreo_client - INFO - Making request to Dendreo API: https://pro.dendreo.com/competences_et_metiers/api/laps.php
2025-05-30 15:36:20,079 - httpx - INFO - HTTP Request: GET https://pro.dendreo.com/competences_et_metiers/api/laps.php?id_action_de_formation=361&include=participactions&key=BaBVostSCz5RTGIwszf8 "HTTP/1.1 200 OK"
2025-05-30 15:36:20,083 - app.services.dendreo_client - INFO - Making request to Dendreo API: https://pro.dendreo.com/competences_et_metiers/api/laps.php
2025-05-30 15:36:20,581 - httpx - INFO - HTTP Request: GET https://pro.dendreo.com/competences_et_metiers/api/laps.php?id_action_de_formation=362&include=participactions&key=BaBVostSCz5RTGIwszf8 "HTTP/1.1 200 OK"
2025-05-30 15:36:20,583 - app.services.dendreo_client - INFO - Making request to Dendreo API: https://pro.dendreo.com/competences_et_metiers/api/laps.php
2025-05-30 15:36:21,128 - httpx - INFO - HTTP Request: GET https://pro.dendreo.com/competences_et_metiers/api/laps.php?id_action_de_formation=363&include=participactions&key=BaBVostSCz5RTGIwszf8 "HTTP/1.1 200 OK"
2025-05-30 15:36:21,131 - app.services.dendreo_client - INFO - Making request to Dendreo API: https://pro.dendreo.com/competences_et_metiers/api/laps.php
2025-05-30 15:36:21,615 - httpx - INFO - HTTP Request: GET https://pro.dendreo.com/competences_et_metiers/api/laps.php?id_action_de_formation=364&include=participactions&key=BaBVostSCz5RTGIwszf8 "HTTP/1.1 200 OK"
2025-05-30 15:36:21,617 - app.services.dendreo_client - INFO - Making request to Dendreo API: https://pro.dendreo.com/competences_et_metiers/api/laps.php
2025-05-30 15:36:22,071 - httpx - INFO - HTTP Request: GET https://pro.dendreo.com/competences_et_metiers/api/laps.php?id_action_de_formation=366&include=participactions&key=BaBVostSCz5RTGIwszf8 "HTTP/1.1 200 OK"
2025-05-30 15:36:22,074 - app.services.dendreo_client - INFO - Making request to Dendreo API: https://pro.dendreo.com/competences_et_metiers/api/laps.php
2025-05-30 15:36:22,544 - httpx - INFO - HTTP Request: GET https://pro.dendreo.com/competences_et_metiers/api/laps.php?id_action_de_formation=367&include=participactions&key=BaBVostSCz5RTGIwszf8 "HTTP/1.1 200 OK"
2025-05-30 15:36:22,547 - app.services.dendreo_client - INFO - Making request to Dendreo API: https://pro.dendreo.com/competences_et_metiers/api/laps.php
2025-05-30 15:36:23,061 - httpx - INFO - HTTP Request: GET https://pro.dendreo.com/competences_et_metiers/api/laps.php?id_action_de_formation=369&include=participactions&key=BaBVostSCz5RTGIwszf8 "HTTP/1.1 200 OK"
2025-05-30 15:36:23,064 - app.services.dendreo_client - INFO - Making request to Dendreo API: https://pro.dendreo.com/competences_et_metiers/api/laps.php
2025-05-30 15:36:23,537 - httpx - INFO - HTTP Request: GET https://pro.dendreo.com/competences_et_metiers/api/laps.php?id_action_de_formation=370&include=participactions&key=BaBVostSCz5RTGIwszf8 "HTTP/1.1 200 OK"
2025-05-30 15:36:23,565 - app.services.dendreo_client - INFO - Making request to Dendreo API: https://pro.dendreo.com/competences_et_metiers/api/laps.php
2025-05-30 15:36:24,003 - httpx - INFO - HTTP Request: GET https://pro.dendreo.com/competences_et_metiers/api/laps.php?id_action_de_formation=371&include=participactions&key=BaBVostSCz5RTGIwszf8 "HTTP/1.1 200 OK"
2025-05-30 15:36:24,008 - app.services.dendreo_client - INFO - Making request to Dendreo API: https://pro.dendreo.com/competences_et_metiers/api/laps.php
2025-05-30 15:36:24,504 - httpx - INFO - HTTP Request: GET https://pro.dendreo.com/competences_et_metiers/api/laps.php?id_action_de_formation=372&include=participactions&key=BaBVostSCz5RTGIwszf8 "HTTP/1.1 200 OK"
2025-05-30 15:36:24,506 - app.services.dendreo_client - INFO - Making request to Dendreo API: https://pro.dendreo.com/competences_et_metiers/api/laps.php
2025-05-30 15:36:24,982 - httpx - INFO - HTTP Request: GET https://pro.dendreo.com/competences_et_metiers/api/laps.php?id_action_de_formation=375&include=participactions&key=BaBVostSCz5RTGIwszf8 "HTTP/1.1 200 OK"
2025-05-30 15:36:24,987 - app.services.dendreo_client - INFO - Making request to Dendreo API: https://pro.dendreo.com/competences_et_metiers/api/laps.php
2025-05-30 15:36:25,472 - httpx - INFO - HTTP Request: GET https://pro.dendreo.com/competences_et_metiers/api/laps.php?id_action_de_formation=376&include=participactions&key=BaBVostSCz5RTGIwszf8 "HTTP/1.1 200 OK"
2025-05-30 15:36:25,474 - app.services.dendreo_client - INFO - Making request to Dendreo API: https://pro.dendreo.com/competences_et_metiers/api/laps.php
2025-05-30 15:36:25,931 - httpx - INFO - HTTP Request: GET https://pro.dendreo.com/competences_et_metiers/api/laps.php?id_action_de_formation=377&include=participactions&key=BaBVostSCz5RTGIwszf8 "HTTP/1.1 200 OK"
2025-05-30 15:36:25,933 - app.services.dendreo_client - INFO - Making request to Dendreo API: https://pro.dendreo.com/competences_et_metiers/api/laps.php
2025-05-30 15:36:26,412 - httpx - INFO - HTTP Request: GET https://pro.dendreo.com/competences_et_metiers/api/laps.php?id_action_de_formation=378&include=participactions&key=BaBVostSCz5RTGIwszf8 "HTTP/1.1 200 OK"
2025-05-30 15:36:26,418 - app.services.dendreo_client - INFO - Making request to Dendreo API: https://pro.dendreo.com/competences_et_metiers/api/laps.php
2025-05-30 15:36:26,853 - httpx - INFO - HTTP Request: GET https://pro.dendreo.com/competences_et_metiers/api/laps.php?id_action_de_formation=379&include=participactions&key=BaBVostSCz5RTGIwszf8 "HTTP/1.1 200 OK"
2025-05-30 15:36:26,859 - app.services.dendreo_client - INFO - Making request to Dendreo API: https://pro.dendreo.com/competences_et_metiers/api/laps.php
2025-05-30 15:36:27,345 - httpx - INFO - HTTP Request: GET https://pro.dendreo.com/competences_et_metiers/api/laps.php?id_action_de_formation=381&include=participactions&key=BaBVostSCz5RTGIwszf8 "HTTP/1.1 200 OK"
2025-05-30 15:36:27,348 - app.services.dendreo_client - INFO - Making request to Dendreo API: https://pro.dendreo.com/competences_et_metiers/api/laps.php
2025-05-30 15:36:27,782 - httpx - INFO - HTTP Request: GET https://pro.dendreo.com/competences_et_metiers/api/laps.php?id_action_de_formation=382&include=participactions&key=BaBVostSCz5RTGIwszf8 "HTTP/1.1 200 OK"
2025-05-30 15:36:27,790 - app.services.dendreo_client - INFO - Making request to Dendreo API: https://pro.dendreo.com/competences_et_metiers/api/laps.php
2025-05-30 15:36:28,273 - httpx - INFO - HTTP Request: GET https://pro.dendreo.com/competences_et_metiers/api/laps.php?id_action_de_formation=383&include=participactions&key=BaBVostSCz5RTGIwszf8 "HTTP/1.1 200 OK"
2025-05-30 15:36:28,275 - app.services.dendreo_client - INFO - Making request to Dendreo API: https://pro.dendreo.com/competences_et_metiers/api/laps.php
2025-05-30 15:36:28,719 - httpx - INFO - HTTP Request: GET https://pro.dendreo.com/competences_et_metiers/api/laps.php?id_action_de_formation=384&include=participactions&key=BaBVostSCz5RTGIwszf8 "HTTP/1.1 200 OK"
2025-05-30 15:36:28,722 - app.services.dendreo_client - INFO - Making request to Dendreo API: https://pro.dendreo.com/competences_et_metiers/api/laps.php
2025-05-30 15:36:29,206 - httpx - INFO - HTTP Request: GET https://pro.dendreo.com/competences_et_metiers/api/laps.php?id_action_de_formation=385&include=participactions&key=BaBVostSCz5RTGIwszf8 "HTTP/1.1 200 OK"
2025-05-30 15:36:29,208 - app.services.dendreo_client - INFO - Making request to Dendreo API: https://pro.dendreo.com/competences_et_metiers/api/laps.php
2025-05-30 15:36:29,654 - httpx - INFO - HTTP Request: GET https://pro.dendreo.com/competences_et_metiers/api/laps.php?id_action_de_formation=386&include=participactions&key=BaBVostSCz5RTGIwszf8 "HTTP/1.1 200 OK"
2025-05-30 15:36:29,656 - app.services.dendreo_client - INFO - Making request to Dendreo API: https://pro.dendreo.com/competences_et_metiers/api/laps.php
2025-05-30 15:36:30,298 - httpx - INFO - HTTP Request: GET https://pro.dendreo.com/competences_et_metiers/api/laps.php?id_action_de_formation=387&include=participactions&key=BaBVostSCz5RTGIwszf8 "HTTP/1.1 200 OK"
2025-05-30 15:36:30,310 - app.services.dendreo_client - INFO - Making request to Dendreo API: https://pro.dendreo.com/competences_et_metiers/api/laps.php
2025-05-30 15:36:30,911 - httpx - INFO - HTTP Request: GET https://pro.dendreo.com/competences_et_metiers/api/laps.php?id_action_de_formation=388&include=participactions&key=BaBVostSCz5RTGIwszf8 "HTTP/1.1 200 OK"
2025-05-30 15:36:30,924 - app.services.dendreo_client - INFO - Making request to Dendreo API: https://pro.dendreo.com/competences_et_metiers/api/laps.php
2025-05-30 15:36:31,526 - httpx - INFO - HTTP Request: GET https://pro.dendreo.com/competences_et_metiers/api/laps.php?id_action_de_formation=389&include=participactions&key=BaBVostSCz5RTGIwszf8 "HTTP/1.1 200 OK"
2025-05-30 15:36:31,536 - app.services.dendreo_client - INFO - Making request to Dendreo API: https://pro.dendreo.com/competences_et_metiers/api/laps.php
2025-05-30 15:36:32,020 - httpx - INFO - HTTP Request: GET https://pro.dendreo.com/competences_et_metiers/api/laps.php?id_action_de_formation=390&include=participactions&key=BaBVostSCz5RTGIwszf8 "HTTP/1.1 200 OK"
2025-05-30 15:36:32,023 - app.services.dendreo_client - INFO - Making request to Dendreo API: https://pro.dendreo.com/competences_et_metiers/api/laps.php
2025-05-30 15:36:32,529 - httpx - INFO - HTTP Request: GET https://pro.dendreo.com/competences_et_metiers/api/laps.php?id_action_de_formation=391&include=participactions&key=BaBVostSCz5RTGIwszf8 "HTTP/1.1 200 OK"
2025-05-30 15:36:32,531 - app.services.dendreo_client - INFO - Making request to Dendreo API: https://pro.dendreo.com/competences_et_metiers/api/laps.php
2025-05-30 15:36:32,988 - httpx - INFO - HTTP Request: GET https://pro.dendreo.com/competences_et_metiers/api/laps.php?id_action_de_formation=392&include=participactions&key=BaBVostSCz5RTGIwszf8 "HTTP/1.1 200 OK"
2025-05-30 15:36:32,989 - app.services.dendreo_client - INFO - Making request to Dendreo API: https://pro.dendreo.com/competences_et_metiers/api/laps.php
2025-05-30 15:36:33,483 - httpx - INFO - HTTP Request: GET https://pro.dendreo.com/competences_et_metiers/api/laps.php?id_action_de_formation=393&include=participactions&key=BaBVostSCz5RTGIwszf8 "HTTP/1.1 200 OK"
2025-05-30 15:36:33,490 - app.services.dendreo_client - INFO - Making request to Dendreo API: https://pro.dendreo.com/competences_et_metiers/api/laps.php
2025-05-30 15:36:33,968 - httpx - INFO - HTTP Request: GET https://pro.dendreo.com/competences_et_metiers/api/laps.php?id_action_de_formation=395&include=participactions&key=BaBVostSCz5RTGIwszf8 "HTTP/1.1 200 OK"
2025-05-30 15:36:33,971 - app.services.dendreo_client - INFO - Making request to Dendreo API: https://pro.dendreo.com/competences_et_metiers/api/laps.php
2025-05-30 15:36:34,484 - httpx - INFO - HTTP Request: GET https://pro.dendreo.com/competences_et_metiers/api/laps.php?id_action_de_formation=396&include=participactions&key=BaBVostSCz5RTGIwszf8 "HTTP/1.1 200 OK"
2025-05-30 15:36:34,491 - app.services.dendreo_client - INFO - Making request to Dendreo API: https://pro.dendreo.com/competences_et_metiers/api/laps.php
2025-05-30 15:36:34,926 - httpx - INFO - HTTP Request: GET https://pro.dendreo.com/competences_et_metiers/api/laps.php?id_action_de_formation=397&include=participactions&key=BaBVostSCz5RTGIwszf8 "HTTP/1.1 200 OK"
2025-05-30 15:36:34,928 - app.services.dendreo_client - INFO - Making request to Dendreo API: https://pro.dendreo.com/competences_et_metiers/api/laps.php
2025-05-30 15:36:35,371 - httpx - INFO - HTTP Request: GET https://pro.dendreo.com/competences_et_metiers/api/laps.php?id_action_de_formation=398&include=participactions&key=BaBVostSCz5RTGIwszf8 "HTTP/1.1 200 OK"
2025-05-30 15:36:35,376 - app.services.dendreo_client - INFO - Making request to Dendreo API: https://pro.dendreo.com/competences_et_metiers/api/laps.php
2025-05-30 15:36:35,900 - httpx - INFO - HTTP Request: GET https://pro.dendreo.com/competences_et_metiers/api/laps.php?id_action_de_formation=399&include=participactions&key=BaBVostSCz5RTGIwszf8 "HTTP/1.1 200 OK"
2025-05-30 15:36:35,907 - app.services.dendreo_client - INFO - Making request to Dendreo API: https://pro.dendreo.com/competences_et_metiers/api/laps.php
2025-05-30 15:36:36,409 - httpx - INFO - HTTP Request: GET https://pro.dendreo.com/competences_et_metiers/api/laps.php?id_action_de_formation=400&include=participactions&key=BaBVostSCz5RTGIwszf8 "HTTP/1.1 200 OK"
2025-05-30 15:36:36,411 - app.services.dendreo_client - INFO - Making request to Dendreo API: https://pro.dendreo.com/competences_et_metiers/api/laps.php
2025-05-30 15:36:36,894 - httpx - INFO - HTTP Request: GET https://pro.dendreo.com/competences_et_metiers/api/laps.php?id_action_de_formation=401&include=participactions&key=BaBVostSCz5RTGIwszf8 "HTTP/1.1 200 OK"
2025-05-30 15:36:36,897 - app.services.dendreo_client - INFO - Making request to Dendreo API: https://pro.dendreo.com/competences_et_metiers/api/laps.php
2025-05-30 15:36:37,381 - httpx - INFO - HTTP Request: GET https://pro.dendreo.com/competences_et_metiers/api/laps.php?id_action_de_formation=402&include=participactions&key=BaBVostSCz5RTGIwszf8 "HTTP/1.1 200 OK"
2025-05-30 15:36:37,383 - app.services.dendreo_client - INFO - Making request to Dendreo API: https://pro.dendreo.com/competences_et_metiers/api/laps.php
2025-05-30 15:36:37,825 - httpx - INFO - HTTP Request: GET https://pro.dendreo.com/competences_et_metiers/api/laps.php?id_action_de_formation=403&include=participactions&key=BaBVostSCz5RTGIwszf8 "HTTP/1.1 200 OK"
2025-05-30 15:36:37,827 - app.services.dendreo_client - INFO - Making request to Dendreo API: https://pro.dendreo.com/competences_et_metiers/api/laps.php
2025-05-30 15:36:38,301 - httpx - INFO - HTTP Request: GET https://pro.dendreo.com/competences_et_metiers/api/laps.php?id_action_de_formation=404&include=participactions&key=BaBVostSCz5RTGIwszf8 "HTTP/1.1 200 OK"
2025-05-30 15:36:38,309 - app.services.dendreo_sync - INFO - Processing ADF batch 6/6
2025-05-30 15:36:38,309 - app.services.dendreo_client - INFO - Making request to Dendreo API: https://pro.dendreo.com/competences_et_metiers/api/laps.php
2025-05-30 15:36:38,787 - httpx - INFO - HTTP Request: GET https://pro.dendreo.com/competences_et_metiers/api/laps.php?id_action_de_formation=406&include=participactions&key=BaBVostSCz5RTGIwszf8 "HTTP/1.1 200 OK"
2025-05-30 15:36:38,794 - app.services.dendreo_client - INFO - Making request to Dendreo API: https://pro.dendreo.com/competences_et_metiers/api/laps.php
2025-05-30 15:36:39,300 - httpx - INFO - HTTP Request: GET https://pro.dendreo.com/competences_et_metiers/api/laps.php?id_action_de_formation=407&include=participactions&key=BaBVostSCz5RTGIwszf8 "HTTP/1.1 200 OK"
2025-05-30 15:36:39,302 - app.services.dendreo_client - INFO - Making request to Dendreo API: https://pro.dendreo.com/competences_et_metiers/api/laps.php
2025-05-30 15:36:39,759 - httpx - INFO - HTTP Request: GET https://pro.dendreo.com/competences_et_metiers/api/laps.php?id_action_de_formation=408&include=participactions&key=BaBVostSCz5RTGIwszf8 "HTTP/1.1 200 OK"
2025-05-30 15:36:39,761 - app.services.dendreo_client - INFO - Making request to Dendreo API: https://pro.dendreo.com/competences_et_metiers/api/laps.php
2025-05-30 15:36:40,221 - httpx - INFO - HTTP Request: GET https://pro.dendreo.com/competences_et_metiers/api/laps.php?id_action_de_formation=409&include=participactions&key=BaBVostSCz5RTGIwszf8 "HTTP/1.1 200 OK"
2025-05-30 15:36:40,225 - app.services.dendreo_client - INFO - Making request to Dendreo API: https://pro.dendreo.com/competences_et_metiers/api/laps.php
2025-05-30 15:36:40,678 - httpx - INFO - HTTP Request: GET https://pro.dendreo.com/competences_et_metiers/api/laps.php?id_action_de_formation=410&include=participactions&key=BaBVostSCz5RTGIwszf8 "HTTP/1.1 200 OK"
2025-05-30 15:36:40,681 - app.services.dendreo_client - INFO - Making request to Dendreo API: https://pro.dendreo.com/competences_et_metiers/api/laps.php
2025-05-30 15:36:41,125 - httpx - INFO - HTTP Request: GET https://pro.dendreo.com/competences_et_metiers/api/laps.php?id_action_de_formation=411&include=participactions&key=BaBVostSCz5RTGIwszf8 "HTTP/1.1 200 OK"
2025-05-30 15:36:41,129 - app.services.dendreo_client - INFO - Making request to Dendreo API: https://pro.dendreo.com/competences_et_metiers/api/laps.php
2025-05-30 15:36:41,559 - httpx - INFO - HTTP Request: GET https://pro.dendreo.com/competences_et_metiers/api/laps.php?id_action_de_formation=413&include=participactions&key=BaBVostSCz5RTGIwszf8 "HTTP/1.1 200 OK"
2025-05-30 15:36:41,561 - app.services.dendreo_client - INFO - Making request to Dendreo API: https://pro.dendreo.com/competences_et_metiers/api/laps.php
2025-05-30 15:36:42,082 - httpx - INFO - HTTP Request: GET https://pro.dendreo.com/competences_et_metiers/api/laps.php?id_action_de_formation=414&include=participactions&key=BaBVostSCz5RTGIwszf8 "HTTP/1.1 200 OK"
2025-05-30 15:36:42,089 - app.services.dendreo_client - INFO - Making request to Dendreo API: https://pro.dendreo.com/competences_et_metiers/api/laps.php
2025-05-30 15:36:42,567 - httpx - INFO - HTTP Request: GET https://pro.dendreo.com/competences_et_metiers/api/laps.php?id_action_de_formation=416&include=participactions&key=BaBVostSCz5RTGIwszf8 "HTTP/1.1 200 OK"
2025-05-30 15:36:42,569 - app.services.dendreo_client - INFO - Making request to Dendreo API: https://pro.dendreo.com/competences_et_metiers/api/laps.php
2025-05-30 15:36:43,019 - httpx - INFO - HTTP Request: GET https://pro.dendreo.com/competences_et_metiers/api/laps.php?id_action_de_formation=417&include=participactions&key=BaBVostSCz5RTGIwszf8 "HTTP/1.1 200 OK"
2025-05-30 15:36:43,021 - app.services.dendreo_client - INFO - Making request to Dendreo API: https://pro.dendreo.com/competences_et_metiers/api/laps.php
2025-05-30 15:36:43,541 - httpx - INFO - HTTP Request: GET https://pro.dendreo.com/competences_et_metiers/api/laps.php?id_action_de_formation=418&include=participactions&key=BaBVostSCz5RTGIwszf8 "HTTP/1.1 200 OK"
2025-05-30 15:36:43,544 - app.services.dendreo_client - INFO - Making request to Dendreo API: https://pro.dendreo.com/competences_et_metiers/api/laps.php
2025-05-30 15:36:44,016 - httpx - INFO - HTTP Request: GET https://pro.dendreo.com/competences_et_metiers/api/laps.php?id_action_de_formation=420&include=participactions&key=BaBVostSCz5RTGIwszf8 "HTTP/1.1 200 OK"
2025-05-30 15:36:44,019 - app.services.dendreo_client - INFO - Making request to Dendreo API: https://pro.dendreo.com/competences_et_metiers/api/laps.php
2025-05-30 15:36:44,509 - httpx - INFO - HTTP Request: GET https://pro.dendreo.com/competences_et_metiers/api/laps.php?id_action_de_formation=422&include=participactions&key=BaBVostSCz5RTGIwszf8 "HTTP/1.1 200 OK"
2025-05-30 15:36:44,513 - app.services.dendreo_client - INFO - Making request to Dendreo API: https://pro.dendreo.com/competences_et_metiers/api/laps.php
2025-05-30 15:36:45,084 - httpx - INFO - HTTP Request: GET https://pro.dendreo.com/competences_et_metiers/api/laps.php?id_action_de_formation=423&include=participactions&key=BaBVostSCz5RTGIwszf8 "HTTP/1.1 200 OK"
2025-05-30 15:36:45,087 - app.services.dendreo_client - INFO - Making request to Dendreo API: https://pro.dendreo.com/competences_et_metiers/api/laps.php
2025-05-30 15:36:45,571 - httpx - INFO - HTTP Request: GET https://pro.dendreo.com/competences_et_metiers/api/laps.php?id_action_de_formation=424&include=participactions&key=BaBVostSCz5RTGIwszf8 "HTTP/1.1 200 OK"
2025-05-30 15:36:45,576 - app.services.dendreo_client - INFO - Making request to Dendreo API: https://pro.dendreo.com/competences_et_metiers/api/laps.php
2025-05-30 15:36:46,110 - httpx - INFO - HTTP Request: GET https://pro.dendreo.com/competences_et_metiers/api/laps.php?id_action_de_formation=425&include=participactions&key=BaBVostSCz5RTGIwszf8 "HTTP/1.1 200 OK"
2025-05-30 15:36:46,112 - app.services.dendreo_client - INFO - Making request to Dendreo API: https://pro.dendreo.com/competences_et_metiers/api/laps.php
2025-05-30 15:36:46,649 - httpx - INFO - HTTP Request: GET https://pro.dendreo.com/competences_et_metiers/api/laps.php?id_action_de_formation=427&include=participactions&key=BaBVostSCz5RTGIwszf8 "HTTP/1.1 200 OK"
2025-05-30 15:36:46,653 - app.services.dendreo_client - INFO - Making request to Dendreo API: https://pro.dendreo.com/competences_et_metiers/api/laps.php
2025-05-30 15:36:47,157 - httpx - INFO - HTTP Request: GET https://pro.dendreo.com/competences_et_metiers/api/laps.php?id_action_de_formation=428&include=participactions&key=BaBVostSCz5RTGIwszf8 "HTTP/1.1 200 OK"
2025-05-30 15:36:47,159 - app.services.dendreo_client - INFO - Making request to Dendreo API: https://pro.dendreo.com/competences_et_metiers/api/laps.php
2025-05-30 15:36:47,619 - httpx - INFO - HTTP Request: GET https://pro.dendreo.com/competences_et_metiers/api/laps.php?id_action_de_formation=429&include=participactions&key=BaBVostSCz5RTGIwszf8 "HTTP/1.1 200 OK"
2025-05-30 15:36:47,621 - app.services.dendreo_client - INFO - Making request to Dendreo API: https://pro.dendreo.com/competences_et_metiers/api/laps.php
2025-05-30 15:36:48,183 - httpx - INFO - HTTP Request: GET https://pro.dendreo.com/competences_et_metiers/api/laps.php?id_action_de_formation=430&include=participactions&key=BaBVostSCz5RTGIwszf8 "HTTP/1.1 200 OK"
2025-05-30 15:36:48,187 - app.services.dendreo_client - INFO - Making request to Dendreo API: https://pro.dendreo.com/competences_et_metiers/api/laps.php
2025-05-30 15:36:48,685 - httpx - INFO - HTTP Request: GET https://pro.dendreo.com/competences_et_metiers/api/laps.php?id_action_de_formation=431&include=participactions&key=BaBVostSCz5RTGIwszf8 "HTTP/1.1 200 OK"
2025-05-30 15:36:48,687 - app.services.dendreo_client - INFO - Making request to Dendreo API: https://pro.dendreo.com/competences_et_metiers/api/laps.php
2025-05-30 15:36:49,186 - httpx - INFO - HTTP Request: GET https://pro.dendreo.com/competences_et_metiers/api/laps.php?id_action_de_formation=432&include=participactions&key=BaBVostSCz5RTGIwszf8 "HTTP/1.1 200 OK"
2025-05-30 15:36:49,191 - app.services.dendreo_sync - INFO - Processing LMPs...
2025-05-30 15:46:54,679 - app.services.dendreo_client - INFO - Initialized DendreoClient with base URL: https://pro.dendreo.com/competences_et_metiers/api
2025-05-30 15:46:55,679 - app.services.dendreo_client - INFO - Initialized DendreoClient with base URL: https://pro.dendreo.com/competences_et_metiers/api
2025-05-30 15:47:01,639 - app.services.dendreo_client - INFO - Initialized DendreoClient with base URL: https://pro.dendreo.com/competences_et_metiers/api
2025-05-30 15:47:01,640 - app.services.dendreo_sync - INFO - Starting full sync from Dendreo API
2025-05-30 15:47:01,640 - app.services.dendreo_client - INFO - Making request to Dendreo API: https://pro.dendreo.com/competences_et_metiers/api/lmps.php
2025-05-30 15:47:09,892 - httpx - INFO - HTTP Request: GET https://pro.dendreo.com/competences_et_metiers/api/lmps.php?include=participant%2Cmodule&key=BaBVostSCz5RTGIwszf8 "HTTP/1.1 200 OK"
2025-05-30 15:47:10,573 - app.services.dendreo_client - INFO - Making request to Dendreo API: https://pro.dendreo.com/competences_et_metiers/api/actions_de_formation.php
2025-05-30 15:47:11,473 - httpx - INFO - HTTP Request: GET https://pro.dendreo.com/competences_et_metiers/api/actions_de_formation.php?include=modules%2Cparticipant%2CetapeProcess&key=BaBVostSCz5RTGIwszf8 "HTTP/1.1 200 OK"
2025-05-30 15:47:11,531 - app.services.dendreo_sync - INFO - Filtering e-learning modules...
2025-05-30 15:47:11,532 - app.services.dendreo_sync - INFO - Found 0 e-learning records
2025-05-30 15:47:11,533 - app.services.dendreo_sync - INFO - Processing ADFs...
2025-05-30 15:47:11,533 - app.services.dendreo_sync - INFO - Processing ADF batch 1/6
2025-05-30 15:47:11,534 - app.services.dendreo_client - INFO - Making request to Dendreo API: https://pro.dendreo.com/competences_et_metiers/api/laps.php
2025-05-30 15:47:12,017 - httpx - INFO - HTTP Request: GET https://pro.dendreo.com/competences_et_metiers/api/laps.php?id_action_de_formation=115&include=participactions&key=BaBVostSCz5RTGIwszf8 "HTTP/1.1 200 OK"
2025-05-30 15:47:12,121 - app.services.dendreo_sync - ERROR - Error during sync: (psycopg2.errors.UndefinedColumn) ERREUR:  la colonne courses.total_modules n'existe pas
LINE 1: ...transaction_id AS courses_hubspot_transaction_id, courses.to...
                                                             ^

[SQL: SELECT courses.id AS courses_id, courses.id_action_formation AS courses_id_action_formation, courses.id_lam AS courses_id_lam, courses.intitule AS courses_intitule, courses.status AS courses_status, courses.mode_organisation AS courses_mode_organisation, courses.hubspot_transaction_url AS courses_hubspot_transaction_url, courses.hubspot_transaction_id AS courses_hubspot_transaction_id, courses.total_modules AS courses_total_modules, courses.created_at AS courses_created_at, courses.updated_at AS courses_updated_at 
FROM courses 
WHERE courses.id_action_formation = %(id_action_formation_1)s 
 LIMIT %(param_1)s]
[parameters: {'id_action_formation_1': '115', 'param_1': 1}]
(Background on this error at: https://sqlalche.me/e/20/f405)
2025-05-30 15:50:21,834 - app.services.dendreo_client - INFO - Initialized DendreoClient with base URL: https://pro.dendreo.com/competences_et_metiers/api
2025-05-30 15:50:22,909 - app.services.dendreo_client - INFO - Initialized DendreoClient with base URL: https://pro.dendreo.com/competences_et_metiers/api
2025-05-30 15:50:28,139 - app.services.dendreo_client - INFO - Initialized DendreoClient with base URL: https://pro.dendreo.com/competences_et_metiers/api
2025-05-30 15:50:28,140 - app.services.dendreo_sync - INFO - Starting full sync from Dendreo API
2025-05-30 15:50:28,140 - app.services.dendreo_client - INFO - Making request to Dendreo API: https://pro.dendreo.com/competences_et_metiers/api/lmps.php
2025-05-30 15:50:36,408 - httpx - INFO - HTTP Request: GET https://pro.dendreo.com/competences_et_metiers/api/lmps.php?include=participant%2Cmodule&key=BaBVostSCz5RTGIwszf8 "HTTP/1.1 200 OK"
2025-05-30 15:50:37,132 - app.services.dendreo_client - INFO - Making request to Dendreo API: https://pro.dendreo.com/competences_et_metiers/api/actions_de_formation.php
2025-05-30 15:50:38,016 - httpx - INFO - HTTP Request: GET https://pro.dendreo.com/competences_et_metiers/api/actions_de_formation.php?include=modules%2Cparticipant%2CetapeProcess&key=BaBVostSCz5RTGIwszf8 "HTTP/1.1 200 OK"
2025-05-30 15:50:38,057 - app.services.dendreo_sync - INFO - Filtering e-learning modules...
2025-05-30 15:50:38,059 - app.services.dendreo_sync - INFO - Found 0 e-learning records
2025-05-30 15:50:38,059 - app.services.dendreo_sync - INFO - Processing ADFs...
2025-05-30 15:50:38,060 - app.services.dendreo_sync - INFO - Processing ADF batch 1/6
2025-05-30 15:50:38,060 - app.services.dendreo_client - INFO - Making request to Dendreo API: https://pro.dendreo.com/competences_et_metiers/api/laps.php
2025-05-30 15:50:38,563 - httpx - INFO - HTTP Request: GET https://pro.dendreo.com/competences_et_metiers/api/laps.php?id_action_de_formation=115&include=participactions&key=BaBVostSCz5RTGIwszf8 "HTTP/1.1 200 OK"
2025-05-30 15:50:38,639 - app.services.dendreo_client - INFO - Making request to Dendreo API: https://pro.dendreo.com/competences_et_metiers/api/laps.php
2025-05-30 15:50:39,090 - httpx - INFO - HTTP Request: GET https://pro.dendreo.com/competences_et_metiers/api/laps.php?id_action_de_formation=119&include=participactions&key=BaBVostSCz5RTGIwszf8 "HTTP/1.1 200 OK"
2025-05-30 15:50:39,099 - app.services.dendreo_client - INFO - Making request to Dendreo API: https://pro.dendreo.com/competences_et_metiers/api/laps.php
2025-05-30 15:50:39,598 - httpx - INFO - HTTP Request: GET https://pro.dendreo.com/competences_et_metiers/api/laps.php?id_action_de_formation=124&include=participactions&key=BaBVostSCz5RTGIwszf8 "HTTP/1.1 200 OK"
2025-05-30 15:50:39,601 - app.services.dendreo_client - INFO - Making request to Dendreo API: https://pro.dendreo.com/competences_et_metiers/api/laps.php
2025-05-30 15:50:40,091 - httpx - INFO - HTTP Request: GET https://pro.dendreo.com/competences_et_metiers/api/laps.php?id_action_de_formation=132&include=participactions&key=BaBVostSCz5RTGIwszf8 "HTTP/1.1 200 OK"
2025-05-30 15:50:40,093 - app.services.dendreo_client - INFO - Making request to Dendreo API: https://pro.dendreo.com/competences_et_metiers/api/laps.php
2025-05-30 15:50:40,559 - httpx - INFO - HTTP Request: GET https://pro.dendreo.com/competences_et_metiers/api/laps.php?id_action_de_formation=133&include=participactions&key=BaBVostSCz5RTGIwszf8 "HTTP/1.1 200 OK"
2025-05-30 15:50:40,561 - app.services.dendreo_client - INFO - Making request to Dendreo API: https://pro.dendreo.com/competences_et_metiers/api/laps.php
2025-05-30 15:50:41,019 - httpx - INFO - HTTP Request: GET https://pro.dendreo.com/competences_et_metiers/api/laps.php?id_action_de_formation=134&include=participactions&key=BaBVostSCz5RTGIwszf8 "HTTP/1.1 200 OK"
2025-05-30 15:50:41,022 - app.services.dendreo_client - INFO - Making request to Dendreo API: https://pro.dendreo.com/competences_et_metiers/api/laps.php
2025-05-30 15:50:41,515 - httpx - INFO - HTTP Request: GET https://pro.dendreo.com/competences_et_metiers/api/laps.php?id_action_de_formation=140&include=participactions&key=BaBVostSCz5RTGIwszf8 "HTTP/1.1 200 OK"
2025-05-30 15:50:41,518 - app.services.dendreo_client - INFO - Making request to Dendreo API: https://pro.dendreo.com/competences_et_metiers/api/laps.php
2025-05-30 15:50:42,137 - httpx - INFO - HTTP Request: GET https://pro.dendreo.com/competences_et_metiers/api/laps.php?id_action_de_formation=141&include=participactions&key=BaBVostSCz5RTGIwszf8 "HTTP/1.1 200 OK"
2025-05-30 15:50:42,143 - app.services.dendreo_client - INFO - Making request to Dendreo API: https://pro.dendreo.com/competences_et_metiers/api/laps.php
2025-05-30 15:50:42,646 - httpx - INFO - HTTP Request: GET https://pro.dendreo.com/competences_et_metiers/api/laps.php?id_action_de_formation=149&include=participactions&key=BaBVostSCz5RTGIwszf8 "HTTP/1.1 200 OK"
2025-05-30 15:50:42,649 - app.services.dendreo_client - INFO - Making request to Dendreo API: https://pro.dendreo.com/competences_et_metiers/api/laps.php
2025-05-30 15:50:43,161 - httpx - INFO - HTTP Request: GET https://pro.dendreo.com/competences_et_metiers/api/laps.php?id_action_de_formation=150&include=participactions&key=BaBVostSCz5RTGIwszf8 "HTTP/1.1 200 OK"
2025-05-30 15:50:43,164 - app.services.dendreo_client - INFO - Making request to Dendreo API: https://pro.dendreo.com/competences_et_metiers/api/laps.php
2025-05-30 15:50:43,608 - httpx - INFO - HTTP Request: GET https://pro.dendreo.com/competences_et_metiers/api/laps.php?id_action_de_formation=152&include=participactions&key=BaBVostSCz5RTGIwszf8 "HTTP/1.1 200 OK"
2025-05-30 15:50:43,611 - app.services.dendreo_client - INFO - Making request to Dendreo API: https://pro.dendreo.com/competences_et_metiers/api/laps.php
2025-05-30 15:50:44,135 - httpx - INFO - HTTP Request: GET https://pro.dendreo.com/competences_et_metiers/api/laps.php?id_action_de_formation=157&include=participactions&key=BaBVostSCz5RTGIwszf8 "HTTP/1.1 200 OK"
2025-05-30 15:50:44,137 - app.services.dendreo_client - INFO - Making request to Dendreo API: https://pro.dendreo.com/competences_et_metiers/api/laps.php
2025-05-30 15:50:44,617 - httpx - INFO - HTTP Request: GET https://pro.dendreo.com/competences_et_metiers/api/laps.php?id_action_de_formation=158&include=participactions&key=BaBVostSCz5RTGIwszf8 "HTTP/1.1 200 OK"
2025-05-30 15:50:44,620 - app.services.dendreo_client - INFO - Making request to Dendreo API: https://pro.dendreo.com/competences_et_metiers/api/laps.php
2025-05-30 15:50:45,084 - httpx - INFO - HTTP Request: GET https://pro.dendreo.com/competences_et_metiers/api/laps.php?id_action_de_formation=159&include=participactions&key=BaBVostSCz5RTGIwszf8 "HTTP/1.1 200 OK"
2025-05-30 15:50:45,086 - app.services.dendreo_client - INFO - Making request to Dendreo API: https://pro.dendreo.com/competences_et_metiers/api/laps.php
2025-05-30 15:50:45,586 - httpx - INFO - HTTP Request: GET https://pro.dendreo.com/competences_et_metiers/api/laps.php?id_action_de_formation=160&include=participactions&key=BaBVostSCz5RTGIwszf8 "HTTP/1.1 200 OK"
2025-05-30 15:50:45,589 - app.services.dendreo_client - INFO - Making request to Dendreo API: https://pro.dendreo.com/competences_et_metiers/api/laps.php
2025-05-30 15:50:46,087 - httpx - INFO - HTTP Request: GET https://pro.dendreo.com/competences_et_metiers/api/laps.php?id_action_de_formation=161&include=participactions&key=BaBVostSCz5RTGIwszf8 "HTTP/1.1 200 OK"
2025-05-30 15:50:46,089 - app.services.dendreo_client - INFO - Making request to Dendreo API: https://pro.dendreo.com/competences_et_metiers/api/laps.php
2025-05-30 15:50:46,614 - httpx - INFO - HTTP Request: GET https://pro.dendreo.com/competences_et_metiers/api/laps.php?id_action_de_formation=162&include=participactions&key=BaBVostSCz5RTGIwszf8 "HTTP/1.1 200 OK"
2025-05-30 15:50:46,616 - app.services.dendreo_client - INFO - Making request to Dendreo API: https://pro.dendreo.com/competences_et_metiers/api/laps.php
2025-05-30 15:50:47,132 - httpx - INFO - HTTP Request: GET https://pro.dendreo.com/competences_et_metiers/api/laps.php?id_action_de_formation=163&include=participactions&key=BaBVostSCz5RTGIwszf8 "HTTP/1.1 200 OK"
2025-05-30 15:50:47,134 - app.services.dendreo_client - INFO - Making request to Dendreo API: https://pro.dendreo.com/competences_et_metiers/api/laps.php
2025-05-30 15:50:47,624 - httpx - INFO - HTTP Request: GET https://pro.dendreo.com/competences_et_metiers/api/laps.php?id_action_de_formation=164&include=participactions&key=BaBVostSCz5RTGIwszf8 "HTTP/1.1 200 OK"
2025-05-30 15:50:47,629 - app.services.dendreo_client - INFO - Making request to Dendreo API: https://pro.dendreo.com/competences_et_metiers/api/laps.php
2025-05-30 15:50:48,083 - httpx - INFO - HTTP Request: GET https://pro.dendreo.com/competences_et_metiers/api/laps.php?id_action_de_formation=165&include=participactions&key=BaBVostSCz5RTGIwszf8 "HTTP/1.1 200 OK"
2025-05-30 15:50:48,085 - app.services.dendreo_client - INFO - Making request to Dendreo API: https://pro.dendreo.com/competences_et_metiers/api/laps.php
2025-05-30 15:50:48,529 - httpx - INFO - HTTP Request: GET https://pro.dendreo.com/competences_et_metiers/api/laps.php?id_action_de_formation=166&include=participactions&key=BaBVostSCz5RTGIwszf8 "HTTP/1.1 200 OK"
2025-05-30 15:50:48,533 - app.services.dendreo_client - INFO - Making request to Dendreo API: https://pro.dendreo.com/competences_et_metiers/api/laps.php
2025-05-30 15:50:49,036 - httpx - INFO - HTTP Request: GET https://pro.dendreo.com/competences_et_metiers/api/laps.php?id_action_de_formation=167&include=participactions&key=BaBVostSCz5RTGIwszf8 "HTTP/1.1 200 OK"
2025-05-30 15:50:49,038 - app.services.dendreo_client - INFO - Making request to Dendreo API: https://pro.dendreo.com/competences_et_metiers/api/laps.php
2025-05-30 15:50:49,548 - httpx - INFO - HTTP Request: GET https://pro.dendreo.com/competences_et_metiers/api/laps.php?id_action_de_formation=168&include=participactions&key=BaBVostSCz5RTGIwszf8 "HTTP/1.1 200 OK"
2025-05-30 15:50:49,550 - app.services.dendreo_client - INFO - Making request to Dendreo API: https://pro.dendreo.com/competences_et_metiers/api/laps.php
2025-05-30 15:50:50,015 - httpx - INFO - HTTP Request: GET https://pro.dendreo.com/competences_et_metiers/api/laps.php?id_action_de_formation=169&include=participactions&key=BaBVostSCz5RTGIwszf8 "HTTP/1.1 200 OK"
2025-05-30 15:50:50,017 - app.services.dendreo_client - INFO - Making request to Dendreo API: https://pro.dendreo.com/competences_et_metiers/api/laps.php
2025-05-30 15:50:50,472 - httpx - INFO - HTTP Request: GET https://pro.dendreo.com/competences_et_metiers/api/laps.php?id_action_de_formation=170&include=participactions&key=BaBVostSCz5RTGIwszf8 "HTTP/1.1 200 OK"
2025-05-30 15:50:50,476 - app.services.dendreo_client - INFO - Making request to Dendreo API: https://pro.dendreo.com/competences_et_metiers/api/laps.php
2025-05-30 15:50:50,963 - httpx - INFO - HTTP Request: GET https://pro.dendreo.com/competences_et_metiers/api/laps.php?id_action_de_formation=171&include=participactions&key=BaBVostSCz5RTGIwszf8 "HTTP/1.1 200 OK"
2025-05-30 15:50:50,966 - app.services.dendreo_client - INFO - Making request to Dendreo API: https://pro.dendreo.com/competences_et_metiers/api/laps.php
2025-05-30 15:50:51,499 - httpx - INFO - HTTP Request: GET https://pro.dendreo.com/competences_et_metiers/api/laps.php?id_action_de_formation=172&include=participactions&key=BaBVostSCz5RTGIwszf8 "HTTP/1.1 200 OK"
2025-05-30 15:50:51,504 - app.services.dendreo_client - INFO - Making request to Dendreo API: https://pro.dendreo.com/competences_et_metiers/api/laps.php
2025-05-30 15:50:51,976 - httpx - INFO - HTTP Request: GET https://pro.dendreo.com/competences_et_metiers/api/laps.php?id_action_de_formation=173&include=participactions&key=BaBVostSCz5RTGIwszf8 "HTTP/1.1 200 OK"
2025-05-30 15:50:51,978 - app.services.dendreo_client - INFO - Making request to Dendreo API: https://pro.dendreo.com/competences_et_metiers/api/laps.php
2025-05-30 15:50:52,438 - httpx - INFO - HTTP Request: GET https://pro.dendreo.com/competences_et_metiers/api/laps.php?id_action_de_formation=174&include=participactions&key=BaBVostSCz5RTGIwszf8 "HTTP/1.1 200 OK"
2025-05-30 15:50:52,440 - app.services.dendreo_client - INFO - Making request to Dendreo API: https://pro.dendreo.com/competences_et_metiers/api/laps.php
2025-05-30 15:50:52,934 - httpx - INFO - HTTP Request: GET https://pro.dendreo.com/competences_et_metiers/api/laps.php?id_action_de_formation=175&include=participactions&key=BaBVostSCz5RTGIwszf8 "HTTP/1.1 200 OK"
2025-05-30 15:50:52,937 - app.services.dendreo_client - INFO - Making request to Dendreo API: https://pro.dendreo.com/competences_et_metiers/api/laps.php
2025-05-30 15:50:53,423 - httpx - INFO - HTTP Request: GET https://pro.dendreo.com/competences_et_metiers/api/laps.php?id_action_de_formation=176&include=participactions&key=BaBVostSCz5RTGIwszf8 "HTTP/1.1 200 OK"
2025-05-30 15:50:53,427 - app.services.dendreo_client - INFO - Making request to Dendreo API: https://pro.dendreo.com/competences_et_metiers/api/laps.php
2025-05-30 15:50:53,909 - httpx - INFO - HTTP Request: GET https://pro.dendreo.com/competences_et_metiers/api/laps.php?id_action_de_formation=177&include=participactions&key=BaBVostSCz5RTGIwszf8 "HTTP/1.1 200 OK"
2025-05-30 15:50:53,912 - app.services.dendreo_client - INFO - Making request to Dendreo API: https://pro.dendreo.com/competences_et_metiers/api/laps.php
2025-05-30 15:50:54,433 - httpx - INFO - HTTP Request: GET https://pro.dendreo.com/competences_et_metiers/api/laps.php?id_action_de_formation=178&include=participactions&key=BaBVostSCz5RTGIwszf8 "HTTP/1.1 200 OK"
2025-05-30 15:50:54,436 - app.services.dendreo_client - INFO - Making request to Dendreo API: https://pro.dendreo.com/competences_et_metiers/api/laps.php
2025-05-30 15:50:54,928 - httpx - INFO - HTTP Request: GET https://pro.dendreo.com/competences_et_metiers/api/laps.php?id_action_de_formation=179&include=participactions&key=BaBVostSCz5RTGIwszf8 "HTTP/1.1 200 OK"
2025-05-30 15:50:54,933 - app.services.dendreo_client - INFO - Making request to Dendreo API: https://pro.dendreo.com/competences_et_metiers/api/laps.php
2025-05-30 15:50:55,434 - httpx - INFO - HTTP Request: GET https://pro.dendreo.com/competences_et_metiers/api/laps.php?id_action_de_formation=180&include=participactions&key=BaBVostSCz5RTGIwszf8 "HTTP/1.1 200 OK"
2025-05-30 15:50:55,440 - app.services.dendreo_client - INFO - Making request to Dendreo API: https://pro.dendreo.com/competences_et_metiers/api/laps.php
2025-05-30 15:50:55,932 - httpx - INFO - HTTP Request: GET https://pro.dendreo.com/competences_et_metiers/api/laps.php?id_action_de_formation=181&include=participactions&key=BaBVostSCz5RTGIwszf8 "HTTP/1.1 200 OK"
2025-05-30 15:50:55,936 - app.services.dendreo_client - INFO - Making request to Dendreo API: https://pro.dendreo.com/competences_et_metiers/api/laps.php
2025-05-30 15:50:56,440 - httpx - INFO - HTTP Request: GET https://pro.dendreo.com/competences_et_metiers/api/laps.php?id_action_de_formation=182&include=participactions&key=BaBVostSCz5RTGIwszf8 "HTTP/1.1 200 OK"
2025-05-30 15:50:56,442 - app.services.dendreo_client - INFO - Making request to Dendreo API: https://pro.dendreo.com/competences_et_metiers/api/laps.php
2025-05-30 15:50:56,930 - httpx - INFO - HTTP Request: GET https://pro.dendreo.com/competences_et_metiers/api/laps.php?id_action_de_formation=183&include=participactions&key=BaBVostSCz5RTGIwszf8 "HTTP/1.1 200 OK"
2025-05-30 15:50:56,933 - app.services.dendreo_client - INFO - Making request to Dendreo API: https://pro.dendreo.com/competences_et_metiers/api/laps.php
2025-05-30 15:50:57,440 - httpx - INFO - HTTP Request: GET https://pro.dendreo.com/competences_et_metiers/api/laps.php?id_action_de_formation=184&include=participactions&key=BaBVostSCz5RTGIwszf8 "HTTP/1.1 200 OK"
2025-05-30 15:50:57,442 - app.services.dendreo_client - INFO - Making request to Dendreo API: https://pro.dendreo.com/competences_et_metiers/api/laps.php
2025-05-30 15:50:57,898 - httpx - INFO - HTTP Request: GET https://pro.dendreo.com/competences_et_metiers/api/laps.php?id_action_de_formation=185&include=participactions&key=BaBVostSCz5RTGIwszf8 "HTTP/1.1 200 OK"
2025-05-30 15:50:57,929 - app.services.dendreo_sync - INFO - Processing ADF batch 2/6
2025-05-30 15:50:57,929 - app.services.dendreo_client - INFO - Making request to Dendreo API: https://pro.dendreo.com/competences_et_metiers/api/laps.php
2025-05-30 15:50:58,416 - httpx - INFO - HTTP Request: GET https://pro.dendreo.com/competences_et_metiers/api/laps.php?id_action_de_formation=186&include=participactions&key=BaBVostSCz5RTGIwszf8 "HTTP/1.1 200 OK"
2025-05-30 15:50:58,419 - app.services.dendreo_client - INFO - Making request to Dendreo API: https://pro.dendreo.com/competences_et_metiers/api/laps.php
2025-05-30 15:50:58,889 - httpx - INFO - HTTP Request: GET https://pro.dendreo.com/competences_et_metiers/api/laps.php?id_action_de_formation=187&include=participactions&key=BaBVostSCz5RTGIwszf8 "HTTP/1.1 200 OK"
2025-05-30 15:50:58,892 - app.services.dendreo_client - INFO - Making request to Dendreo API: https://pro.dendreo.com/competences_et_metiers/api/laps.php
2025-05-30 15:50:59,429 - httpx - INFO - HTTP Request: GET https://pro.dendreo.com/competences_et_metiers/api/laps.php?id_action_de_formation=188&include=participactions&key=BaBVostSCz5RTGIwszf8 "HTTP/1.1 200 OK"
2025-05-30 15:50:59,434 - app.services.dendreo_client - INFO - Making request to Dendreo API: https://pro.dendreo.com/competences_et_metiers/api/laps.php
2025-05-30 15:50:59,959 - httpx - INFO - HTTP Request: GET https://pro.dendreo.com/competences_et_metiers/api/laps.php?id_action_de_formation=189&include=participactions&key=BaBVostSCz5RTGIwszf8 "HTTP/1.1 200 OK"
2025-05-30 15:50:59,961 - app.services.dendreo_client - INFO - Making request to Dendreo API: https://pro.dendreo.com/competences_et_metiers/api/laps.php
2025-05-30 15:51:00,458 - httpx - INFO - HTTP Request: GET https://pro.dendreo.com/competences_et_metiers/api/laps.php?id_action_de_formation=190&include=participactions&key=BaBVostSCz5RTGIwszf8 "HTTP/1.1 200 OK"
2025-05-30 15:51:00,461 - app.services.dendreo_client - INFO - Making request to Dendreo API: https://pro.dendreo.com/competences_et_metiers/api/laps.php
2025-05-30 15:51:01,012 - httpx - INFO - HTTP Request: GET https://pro.dendreo.com/competences_et_metiers/api/laps.php?id_action_de_formation=191&include=participactions&key=BaBVostSCz5RTGIwszf8 "HTTP/1.1 200 OK"
2025-05-30 15:51:01,014 - app.services.dendreo_client - INFO - Making request to Dendreo API: https://pro.dendreo.com/competences_et_metiers/api/laps.php
2025-05-30 15:51:01,530 - httpx - INFO - HTTP Request: GET https://pro.dendreo.com/competences_et_metiers/api/laps.php?id_action_de_formation=192&include=participactions&key=BaBVostSCz5RTGIwszf8 "HTTP/1.1 200 OK"
2025-05-30 15:51:01,533 - app.services.dendreo_client - INFO - Making request to Dendreo API: https://pro.dendreo.com/competences_et_metiers/api/laps.php
2025-05-30 15:51:01,990 - httpx - INFO - HTTP Request: GET https://pro.dendreo.com/competences_et_metiers/api/laps.php?id_action_de_formation=193&include=participactions&key=BaBVostSCz5RTGIwszf8 "HTTP/1.1 200 OK"
2025-05-30 15:51:01,992 - app.services.dendreo_client - INFO - Making request to Dendreo API: https://pro.dendreo.com/competences_et_metiers/api/laps.php
2025-05-30 15:51:02,502 - httpx - INFO - HTTP Request: GET https://pro.dendreo.com/competences_et_metiers/api/laps.php?id_action_de_formation=194&include=participactions&key=BaBVostSCz5RTGIwszf8 "HTTP/1.1 200 OK"
2025-05-30 15:51:02,504 - app.services.dendreo_client - INFO - Making request to Dendreo API: https://pro.dendreo.com/competences_et_metiers/api/laps.php
2025-05-30 15:51:02,997 - httpx - INFO - HTTP Request: GET https://pro.dendreo.com/competences_et_metiers/api/laps.php?id_action_de_formation=195&include=participactions&key=BaBVostSCz5RTGIwszf8 "HTTP/1.1 200 OK"
2025-05-30 15:51:02,999 - app.services.dendreo_client - INFO - Making request to Dendreo API: https://pro.dendreo.com/competences_et_metiers/api/laps.php
2025-05-30 15:51:03,434 - httpx - INFO - HTTP Request: GET https://pro.dendreo.com/competences_et_metiers/api/laps.php?id_action_de_formation=196&include=participactions&key=BaBVostSCz5RTGIwszf8 "HTTP/1.1 200 OK"
2025-05-30 15:51:03,464 - app.services.dendreo_client - INFO - Making request to Dendreo API: https://pro.dendreo.com/competences_et_metiers/api/laps.php
2025-05-30 15:51:03,958 - httpx - INFO - HTTP Request: GET https://pro.dendreo.com/competences_et_metiers/api/laps.php?id_action_de_formation=197&include=participactions&key=BaBVostSCz5RTGIwszf8 "HTTP/1.1 200 OK"
2025-05-30 15:51:03,961 - app.services.dendreo_client - INFO - Making request to Dendreo API: https://pro.dendreo.com/competences_et_metiers/api/laps.php
2025-05-30 15:51:04,490 - httpx - INFO - HTTP Request: GET https://pro.dendreo.com/competences_et_metiers/api/laps.php?id_action_de_formation=198&include=participactions&key=BaBVostSCz5RTGIwszf8 "HTTP/1.1 200 OK"
2025-05-30 15:51:04,494 - app.services.dendreo_client - INFO - Making request to Dendreo API: https://pro.dendreo.com/competences_et_metiers/api/laps.php
2025-05-30 15:51:04,948 - httpx - INFO - HTTP Request: GET https://pro.dendreo.com/competences_et_metiers/api/laps.php?id_action_de_formation=199&include=participactions&key=BaBVostSCz5RTGIwszf8 "HTTP/1.1 200 OK"
2025-05-30 15:51:04,951 - app.services.dendreo_client - INFO - Making request to Dendreo API: https://pro.dendreo.com/competences_et_metiers/api/laps.php
2025-05-30 15:51:05,425 - httpx - INFO - HTTP Request: GET https://pro.dendreo.com/competences_et_metiers/api/laps.php?id_action_de_formation=200&include=participactions&key=BaBVostSCz5RTGIwszf8 "HTTP/1.1 200 OK"
2025-05-30 15:51:05,429 - app.services.dendreo_client - INFO - Making request to Dendreo API: https://pro.dendreo.com/competences_et_metiers/api/laps.php
2025-05-30 15:51:05,938 - httpx - INFO - HTTP Request: GET https://pro.dendreo.com/competences_et_metiers/api/laps.php?id_action_de_formation=201&include=participactions&key=BaBVostSCz5RTGIwszf8 "HTTP/1.1 200 OK"
2025-05-30 15:51:05,940 - app.services.dendreo_client - INFO - Making request to Dendreo API: https://pro.dendreo.com/competences_et_metiers/api/laps.php
2025-05-30 15:51:06,431 - httpx - INFO - HTTP Request: GET https://pro.dendreo.com/competences_et_metiers/api/laps.php?id_action_de_formation=202&include=participactions&key=BaBVostSCz5RTGIwszf8 "HTTP/1.1 200 OK"
2025-05-30 15:51:06,435 - app.services.dendreo_client - INFO - Making request to Dendreo API: https://pro.dendreo.com/competences_et_metiers/api/laps.php
2025-05-30 15:51:06,923 - httpx - INFO - HTTP Request: GET https://pro.dendreo.com/competences_et_metiers/api/laps.php?id_action_de_formation=203&include=participactions&key=BaBVostSCz5RTGIwszf8 "HTTP/1.1 200 OK"
2025-05-30 15:51:06,925 - app.services.dendreo_client - INFO - Making request to Dendreo API: https://pro.dendreo.com/competences_et_metiers/api/laps.php
2025-05-30 15:51:07,428 - httpx - INFO - HTTP Request: GET https://pro.dendreo.com/competences_et_metiers/api/laps.php?id_action_de_formation=204&include=participactions&key=BaBVostSCz5RTGIwszf8 "HTTP/1.1 200 OK"
2025-05-30 15:51:07,433 - app.services.dendreo_client - INFO - Making request to Dendreo API: https://pro.dendreo.com/competences_et_metiers/api/laps.php
2025-05-30 15:51:07,939 - httpx - INFO - HTTP Request: GET https://pro.dendreo.com/competences_et_metiers/api/laps.php?id_action_de_formation=205&include=participactions&key=BaBVostSCz5RTGIwszf8 "HTTP/1.1 200 OK"
2025-05-30 15:51:07,941 - app.services.dendreo_client - INFO - Making request to Dendreo API: https://pro.dendreo.com/competences_et_metiers/api/laps.php
2025-05-30 15:51:08,477 - httpx - INFO - HTTP Request: GET https://pro.dendreo.com/competences_et_metiers/api/laps.php?id_action_de_formation=206&include=participactions&key=BaBVostSCz5RTGIwszf8 "HTTP/1.1 200 OK"
2025-05-30 15:51:08,479 - app.services.dendreo_client - INFO - Making request to Dendreo API: https://pro.dendreo.com/competences_et_metiers/api/laps.php
2025-05-30 15:51:08,949 - httpx - INFO - HTTP Request: GET https://pro.dendreo.com/competences_et_metiers/api/laps.php?id_action_de_formation=207&include=participactions&key=BaBVostSCz5RTGIwszf8 "HTTP/1.1 200 OK"
2025-05-30 15:51:08,953 - app.services.dendreo_client - INFO - Making request to Dendreo API: https://pro.dendreo.com/competences_et_metiers/api/laps.php
2025-05-30 15:51:09,474 - httpx - INFO - HTTP Request: GET https://pro.dendreo.com/competences_et_metiers/api/laps.php?id_action_de_formation=208&include=participactions&key=BaBVostSCz5RTGIwszf8 "HTTP/1.1 200 OK"
2025-05-30 15:51:09,477 - app.services.dendreo_client - INFO - Making request to Dendreo API: https://pro.dendreo.com/competences_et_metiers/api/laps.php
2025-05-30 15:51:09,988 - httpx - INFO - HTTP Request: GET https://pro.dendreo.com/competences_et_metiers/api/laps.php?id_action_de_formation=209&include=participactions&key=BaBVostSCz5RTGIwszf8 "HTTP/1.1 200 OK"
2025-05-30 15:51:09,990 - app.services.dendreo_client - INFO - Making request to Dendreo API: https://pro.dendreo.com/competences_et_metiers/api/laps.php
2025-05-30 15:51:10,452 - httpx - INFO - HTTP Request: GET https://pro.dendreo.com/competences_et_metiers/api/laps.php?id_action_de_formation=210&include=participactions&key=BaBVostSCz5RTGIwszf8 "HTTP/1.1 200 OK"
2025-05-30 15:51:10,456 - app.services.dendreo_client - INFO - Making request to Dendreo API: https://pro.dendreo.com/competences_et_metiers/api/laps.php
2025-05-30 15:51:10,923 - httpx - INFO - HTTP Request: GET https://pro.dendreo.com/competences_et_metiers/api/laps.php?id_action_de_formation=211&include=participactions&key=BaBVostSCz5RTGIwszf8 "HTTP/1.1 200 OK"
2025-05-30 15:51:10,927 - app.services.dendreo_client - INFO - Making request to Dendreo API: https://pro.dendreo.com/competences_et_metiers/api/laps.php
2025-05-30 15:51:11,426 - httpx - INFO - HTTP Request: GET https://pro.dendreo.com/competences_et_metiers/api/laps.php?id_action_de_formation=212&include=participactions&key=BaBVostSCz5RTGIwszf8 "HTTP/1.1 200 OK"
2025-05-30 15:51:11,428 - app.services.dendreo_client - INFO - Making request to Dendreo API: https://pro.dendreo.com/competences_et_metiers/api/laps.php
2025-05-30 15:51:11,898 - httpx - INFO - HTTP Request: GET https://pro.dendreo.com/competences_et_metiers/api/laps.php?id_action_de_formation=213&include=participactions&key=BaBVostSCz5RTGIwszf8 "HTTP/1.1 200 OK"
2025-05-30 15:51:11,902 - app.services.dendreo_client - INFO - Making request to Dendreo API: https://pro.dendreo.com/competences_et_metiers/api/laps.php
2025-05-30 15:51:12,413 - httpx - INFO - HTTP Request: GET https://pro.dendreo.com/competences_et_metiers/api/laps.php?id_action_de_formation=215&include=participactions&key=BaBVostSCz5RTGIwszf8 "HTTP/1.1 200 OK"
2025-05-30 15:51:12,415 - app.services.dendreo_client - INFO - Making request to Dendreo API: https://pro.dendreo.com/competences_et_metiers/api/laps.php
2025-05-30 15:51:12,904 - httpx - INFO - HTTP Request: GET https://pro.dendreo.com/competences_et_metiers/api/laps.php?id_action_de_formation=217&include=participactions&key=BaBVostSCz5RTGIwszf8 "HTTP/1.1 200 OK"
2025-05-30 15:51:12,909 - app.services.dendreo_client - INFO - Making request to Dendreo API: https://pro.dendreo.com/competences_et_metiers/api/laps.php
2025-05-30 15:51:13,412 - httpx - INFO - HTTP Request: GET https://pro.dendreo.com/competences_et_metiers/api/laps.php?id_action_de_formation=218&include=participactions&key=BaBVostSCz5RTGIwszf8 "HTTP/1.1 200 OK"
2025-05-30 15:51:13,414 - app.services.dendreo_client - INFO - Making request to Dendreo API: https://pro.dendreo.com/competences_et_metiers/api/laps.php
2025-05-30 15:51:13,879 - httpx - INFO - HTTP Request: GET https://pro.dendreo.com/competences_et_metiers/api/laps.php?id_action_de_formation=219&include=participactions&key=BaBVostSCz5RTGIwszf8 "HTTP/1.1 200 OK"
2025-05-30 15:51:13,880 - app.services.dendreo_client - INFO - Making request to Dendreo API: https://pro.dendreo.com/competences_et_metiers/api/laps.php
2025-05-30 15:51:14,338 - httpx - INFO - HTTP Request: GET https://pro.dendreo.com/competences_et_metiers/api/laps.php?id_action_de_formation=220&include=participactions&key=BaBVostSCz5RTGIwszf8 "HTTP/1.1 200 OK"
2025-05-30 15:51:14,343 - app.services.dendreo_client - INFO - Making request to Dendreo API: https://pro.dendreo.com/competences_et_metiers/api/laps.php
2025-05-30 15:51:14,834 - httpx - INFO - HTTP Request: GET https://pro.dendreo.com/competences_et_metiers/api/laps.php?id_action_de_formation=221&include=participactions&key=BaBVostSCz5RTGIwszf8 "HTTP/1.1 200 OK"
2025-05-30 15:51:14,864 - app.services.dendreo_client - INFO - Making request to Dendreo API: https://pro.dendreo.com/competences_et_metiers/api/laps.php
2025-05-30 15:51:15,404 - httpx - INFO - HTTP Request: GET https://pro.dendreo.com/competences_et_metiers/api/laps.php?id_action_de_formation=222&include=participactions&key=BaBVostSCz5RTGIwszf8 "HTTP/1.1 200 OK"
2025-05-30 15:51:15,408 - app.services.dendreo_client - INFO - Making request to Dendreo API: https://pro.dendreo.com/competences_et_metiers/api/laps.php
2025-05-30 15:51:15,932 - httpx - INFO - HTTP Request: GET https://pro.dendreo.com/competences_et_metiers/api/laps.php?id_action_de_formation=223&include=participactions&key=BaBVostSCz5RTGIwszf8 "HTTP/1.1 200 OK"
2025-05-30 15:51:15,934 - app.services.dendreo_client - INFO - Making request to Dendreo API: https://pro.dendreo.com/competences_et_metiers/api/laps.php
2025-05-30 15:51:16,504 - httpx - INFO - HTTP Request: GET https://pro.dendreo.com/competences_et_metiers/api/laps.php?id_action_de_formation=224&include=participactions&key=BaBVostSCz5RTGIwszf8 "HTTP/1.1 200 OK"
2025-05-30 15:51:16,508 - app.services.dendreo_client - INFO - Making request to Dendreo API: https://pro.dendreo.com/competences_et_metiers/api/laps.php
2025-05-30 15:51:16,994 - httpx - INFO - HTTP Request: GET https://pro.dendreo.com/competences_et_metiers/api/laps.php?id_action_de_formation=225&include=participactions&key=BaBVostSCz5RTGIwszf8 "HTTP/1.1 200 OK"
2025-05-30 15:51:16,997 - app.services.dendreo_client - INFO - Making request to Dendreo API: https://pro.dendreo.com/competences_et_metiers/api/laps.php
2025-05-30 15:51:17,558 - httpx - INFO - HTTP Request: GET https://pro.dendreo.com/competences_et_metiers/api/laps.php?id_action_de_formation=226&include=participactions&key=BaBVostSCz5RTGIwszf8 "HTTP/1.1 200 OK"
2025-05-30 15:51:17,561 - app.services.dendreo_client - INFO - Making request to Dendreo API: https://pro.dendreo.com/competences_et_metiers/api/laps.php
2025-05-30 15:51:18,177 - httpx - INFO - HTTP Request: GET https://pro.dendreo.com/competences_et_metiers/api/laps.php?id_action_de_formation=229&include=participactions&key=BaBVostSCz5RTGIwszf8 "HTTP/1.1 200 OK"
2025-05-30 15:51:18,182 - app.services.dendreo_client - INFO - Making request to Dendreo API: https://pro.dendreo.com/competences_et_metiers/api/laps.php
2025-05-30 15:51:18,625 - httpx - INFO - HTTP Request: GET https://pro.dendreo.com/competences_et_metiers/api/laps.php?id_action_de_formation=230&include=participactions&key=BaBVostSCz5RTGIwszf8 "HTTP/1.1 200 OK"
2025-05-30 15:51:18,627 - app.services.dendreo_client - INFO - Making request to Dendreo API: https://pro.dendreo.com/competences_et_metiers/api/laps.php
2025-05-30 15:51:19,110 - httpx - INFO - HTTP Request: GET https://pro.dendreo.com/competences_et_metiers/api/laps.php?id_action_de_formation=231&include=participactions&key=BaBVostSCz5RTGIwszf8 "HTTP/1.1 200 OK"
2025-05-30 15:51:19,113 - app.services.dendreo_client - INFO - Making request to Dendreo API: https://pro.dendreo.com/competences_et_metiers/api/laps.php
2025-05-30 15:51:19,590 - httpx - INFO - HTTP Request: GET https://pro.dendreo.com/competences_et_metiers/api/laps.php?id_action_de_formation=232&include=participactions&key=BaBVostSCz5RTGIwszf8 "HTTP/1.1 200 OK"
2025-05-30 15:51:19,592 - app.services.dendreo_client - INFO - Making request to Dendreo API: https://pro.dendreo.com/competences_et_metiers/api/laps.php
2025-05-30 15:51:20,090 - httpx - INFO - HTTP Request: GET https://pro.dendreo.com/competences_et_metiers/api/laps.php?id_action_de_formation=233&include=participactions&key=BaBVostSCz5RTGIwszf8 "HTTP/1.1 200 OK"
2025-05-30 15:51:20,094 - app.services.dendreo_client - INFO - Making request to Dendreo API: https://pro.dendreo.com/competences_et_metiers/api/laps.php
2025-05-30 15:51:20,580 - httpx - INFO - HTTP Request: GET https://pro.dendreo.com/competences_et_metiers/api/laps.php?id_action_de_formation=235&include=participactions&key=BaBVostSCz5RTGIwszf8 "HTTP/1.1 200 OK"
2025-05-30 15:51:20,583 - app.services.dendreo_client - INFO - Making request to Dendreo API: https://pro.dendreo.com/competences_et_metiers/api/laps.php
2025-05-30 15:51:21,034 - httpx - INFO - HTTP Request: GET https://pro.dendreo.com/competences_et_metiers/api/laps.php?id_action_de_formation=238&include=participactions&key=BaBVostSCz5RTGIwszf8 "HTTP/1.1 200 OK"
2025-05-30 15:51:21,042 - app.services.dendreo_client - INFO - Making request to Dendreo API: https://pro.dendreo.com/competences_et_metiers/api/laps.php
2025-05-30 15:51:21,514 - httpx - INFO - HTTP Request: GET https://pro.dendreo.com/competences_et_metiers/api/laps.php?id_action_de_formation=239&include=participactions&key=BaBVostSCz5RTGIwszf8 "HTTP/1.1 200 OK"
2025-05-30 15:51:21,519 - app.services.dendreo_client - INFO - Making request to Dendreo API: https://pro.dendreo.com/competences_et_metiers/api/laps.php
2025-05-30 15:51:22,009 - httpx - INFO - HTTP Request: GET https://pro.dendreo.com/competences_et_metiers/api/laps.php?id_action_de_formation=240&include=participactions&key=BaBVostSCz5RTGIwszf8 "HTTP/1.1 200 OK"
2025-05-30 15:51:22,031 - app.services.dendreo_sync - INFO - Processing ADF batch 3/6
2025-05-30 15:51:22,031 - app.services.dendreo_client - INFO - Making request to Dendreo API: https://pro.dendreo.com/competences_et_metiers/api/laps.php
2025-05-30 15:51:22,544 - httpx - INFO - HTTP Request: GET https://pro.dendreo.com/competences_et_metiers/api/laps.php?id_action_de_formation=241&include=participactions&key=BaBVostSCz5RTGIwszf8 "HTTP/1.1 200 OK"
2025-05-30 15:51:22,547 - app.services.dendreo_client - INFO - Making request to Dendreo API: https://pro.dendreo.com/competences_et_metiers/api/laps.php
2025-05-30 15:51:23,024 - httpx - INFO - HTTP Request: GET https://pro.dendreo.com/competences_et_metiers/api/laps.php?id_action_de_formation=242&include=participactions&key=BaBVostSCz5RTGIwszf8 "HTTP/1.1 200 OK"
2025-05-30 15:51:23,028 - app.services.dendreo_client - INFO - Making request to Dendreo API: https://pro.dendreo.com/competences_et_metiers/api/laps.php
2025-05-30 15:51:23,531 - httpx - INFO - HTTP Request: GET https://pro.dendreo.com/competences_et_metiers/api/laps.php?id_action_de_formation=243&include=participactions&key=BaBVostSCz5RTGIwszf8 "HTTP/1.1 200 OK"
2025-05-30 15:51:23,533 - app.services.dendreo_client - INFO - Making request to Dendreo API: https://pro.dendreo.com/competences_et_metiers/api/laps.php
2025-05-30 15:51:24,015 - httpx - INFO - HTTP Request: GET https://pro.dendreo.com/competences_et_metiers/api/laps.php?id_action_de_formation=244&include=participactions&key=BaBVostSCz5RTGIwszf8 "HTTP/1.1 200 OK"
2025-05-30 15:51:24,017 - app.services.dendreo_client - INFO - Making request to Dendreo API: https://pro.dendreo.com/competences_et_metiers/api/laps.php
2025-05-30 15:51:24,481 - httpx - INFO - HTTP Request: GET https://pro.dendreo.com/competences_et_metiers/api/laps.php?id_action_de_formation=245&include=participactions&key=BaBVostSCz5RTGIwszf8 "HTTP/1.1 200 OK"
2025-05-30 15:51:24,483 - app.services.dendreo_client - INFO - Making request to Dendreo API: https://pro.dendreo.com/competences_et_metiers/api/laps.php
2025-05-30 15:51:24,952 - httpx - INFO - HTTP Request: GET https://pro.dendreo.com/competences_et_metiers/api/laps.php?id_action_de_formation=246&include=participactions&key=BaBVostSCz5RTGIwszf8 "HTTP/1.1 200 OK"
2025-05-30 15:51:24,954 - app.services.dendreo_client - INFO - Making request to Dendreo API: https://pro.dendreo.com/competences_et_metiers/api/laps.php
2025-05-30 15:51:25,488 - httpx - INFO - HTTP Request: GET https://pro.dendreo.com/competences_et_metiers/api/laps.php?id_action_de_formation=247&include=participactions&key=BaBVostSCz5RTGIwszf8 "HTTP/1.1 200 OK"
2025-05-30 15:51:25,490 - app.services.dendreo_client - INFO - Making request to Dendreo API: https://pro.dendreo.com/competences_et_metiers/api/laps.php
2025-05-30 15:51:26,008 - httpx - INFO - HTTP Request: GET https://pro.dendreo.com/competences_et_metiers/api/laps.php?id_action_de_formation=248&include=participactions&key=BaBVostSCz5RTGIwszf8 "HTTP/1.1 200 OK"
2025-05-30 15:51:26,012 - app.services.dendreo_client - INFO - Making request to Dendreo API: https://pro.dendreo.com/competences_et_metiers/api/laps.php
2025-05-30 15:51:26,537 - httpx - INFO - HTTP Request: GET https://pro.dendreo.com/competences_et_metiers/api/laps.php?id_action_de_formation=249&include=participactions&key=BaBVostSCz5RTGIwszf8 "HTTP/1.1 200 OK"
2025-05-30 15:51:26,543 - app.services.dendreo_client - INFO - Making request to Dendreo API: https://pro.dendreo.com/competences_et_metiers/api/laps.php
2025-05-30 15:51:27,075 - httpx - INFO - HTTP Request: GET https://pro.dendreo.com/competences_et_metiers/api/laps.php?id_action_de_formation=250&include=participactions&key=BaBVostSCz5RTGIwszf8 "HTTP/1.1 200 OK"
2025-05-30 15:51:27,077 - app.services.dendreo_client - INFO - Making request to Dendreo API: https://pro.dendreo.com/competences_et_metiers/api/laps.php
2025-05-30 15:51:27,583 - httpx - INFO - HTTP Request: GET https://pro.dendreo.com/competences_et_metiers/api/laps.php?id_action_de_formation=251&include=participactions&key=BaBVostSCz5RTGIwszf8 "HTTP/1.1 200 OK"
2025-05-30 15:51:27,586 - app.services.dendreo_client - INFO - Making request to Dendreo API: https://pro.dendreo.com/competences_et_metiers/api/laps.php
2025-05-30 15:51:28,032 - httpx - INFO - HTTP Request: GET https://pro.dendreo.com/competences_et_metiers/api/laps.php?id_action_de_formation=252&include=participactions&key=BaBVostSCz5RTGIwszf8 "HTTP/1.1 200 OK"
2025-05-30 15:51:28,037 - app.services.dendreo_client - INFO - Making request to Dendreo API: https://pro.dendreo.com/competences_et_metiers/api/laps.php
2025-05-30 15:51:28,499 - httpx - INFO - HTTP Request: GET https://pro.dendreo.com/competences_et_metiers/api/laps.php?id_action_de_formation=253&include=participactions&key=BaBVostSCz5RTGIwszf8 "HTTP/1.1 200 OK"
2025-05-30 15:51:28,501 - app.services.dendreo_client - INFO - Making request to Dendreo API: https://pro.dendreo.com/competences_et_metiers/api/laps.php
2025-05-30 15:51:28,944 - httpx - INFO - HTTP Request: GET https://pro.dendreo.com/competences_et_metiers/api/laps.php?id_action_de_formation=255&include=participactions&key=BaBVostSCz5RTGIwszf8 "HTTP/1.1 200 OK"
2025-05-30 15:51:28,947 - app.services.dendreo_client - INFO - Making request to Dendreo API: https://pro.dendreo.com/competences_et_metiers/api/laps.php
2025-05-30 15:51:29,414 - httpx - INFO - HTTP Request: GET https://pro.dendreo.com/competences_et_metiers/api/laps.php?id_action_de_formation=256&include=participactions&key=BaBVostSCz5RTGIwszf8 "HTTP/1.1 200 OK"
2025-05-30 15:51:29,416 - app.services.dendreo_client - INFO - Making request to Dendreo API: https://pro.dendreo.com/competences_et_metiers/api/laps.php
2025-05-30 15:51:29,871 - httpx - INFO - HTTP Request: GET https://pro.dendreo.com/competences_et_metiers/api/laps.php?id_action_de_formation=257&include=participactions&key=BaBVostSCz5RTGIwszf8 "HTTP/1.1 200 OK"
2025-05-30 15:51:29,874 - app.services.dendreo_client - INFO - Making request to Dendreo API: https://pro.dendreo.com/competences_et_metiers/api/laps.php
2025-05-30 15:51:30,391 - httpx - INFO - HTTP Request: GET https://pro.dendreo.com/competences_et_metiers/api/laps.php?id_action_de_formation=258&include=participactions&key=BaBVostSCz5RTGIwszf8 "HTTP/1.1 200 OK"
2025-05-30 15:51:30,393 - app.services.dendreo_client - INFO - Making request to Dendreo API: https://pro.dendreo.com/competences_et_metiers/api/laps.php
2025-05-30 15:51:30,877 - httpx - INFO - HTTP Request: GET https://pro.dendreo.com/competences_et_metiers/api/laps.php?id_action_de_formation=259&include=participactions&key=BaBVostSCz5RTGIwszf8 "HTTP/1.1 200 OK"
2025-05-30 15:51:30,880 - app.services.dendreo_client - INFO - Making request to Dendreo API: https://pro.dendreo.com/competences_et_metiers/api/laps.php
2025-05-30 15:51:31,357 - httpx - INFO - HTTP Request: GET https://pro.dendreo.com/competences_et_metiers/api/laps.php?id_action_de_formation=260&include=participactions&key=BaBVostSCz5RTGIwszf8 "HTTP/1.1 200 OK"
2025-05-30 15:51:31,359 - app.services.dendreo_client - INFO - Making request to Dendreo API: https://pro.dendreo.com/competences_et_metiers/api/laps.php
2025-05-30 15:51:31,861 - httpx - INFO - HTTP Request: GET https://pro.dendreo.com/competences_et_metiers/api/laps.php?id_action_de_formation=261&include=participactions&key=BaBVostSCz5RTGIwszf8 "HTTP/1.1 200 OK"
2025-05-30 15:51:31,864 - app.services.dendreo_client - INFO - Making request to Dendreo API: https://pro.dendreo.com/competences_et_metiers/api/laps.php
2025-05-30 15:51:32,328 - httpx - INFO - HTTP Request: GET https://pro.dendreo.com/competences_et_metiers/api/laps.php?id_action_de_formation=262&include=participactions&key=BaBVostSCz5RTGIwszf8 "HTTP/1.1 200 OK"
2025-05-30 15:51:32,331 - app.services.dendreo_client - INFO - Making request to Dendreo API: https://pro.dendreo.com/competences_et_metiers/api/laps.php
2025-05-30 15:51:32,823 - httpx - INFO - HTTP Request: GET https://pro.dendreo.com/competences_et_metiers/api/laps.php?id_action_de_formation=263&include=participactions&key=BaBVostSCz5RTGIwszf8 "HTTP/1.1 200 OK"
2025-05-30 15:51:32,825 - app.services.dendreo_client - INFO - Making request to Dendreo API: https://pro.dendreo.com/competences_et_metiers/api/laps.php
2025-05-30 15:51:33,333 - httpx - INFO - HTTP Request: GET https://pro.dendreo.com/competences_et_metiers/api/laps.php?id_action_de_formation=264&include=participactions&key=BaBVostSCz5RTGIwszf8 "HTTP/1.1 200 OK"
2025-05-30 15:51:33,335 - app.services.dendreo_client - INFO - Making request to Dendreo API: https://pro.dendreo.com/competences_et_metiers/api/laps.php
2025-05-30 15:51:33,833 - httpx - INFO - HTTP Request: GET https://pro.dendreo.com/competences_et_metiers/api/laps.php?id_action_de_formation=265&include=participactions&key=BaBVostSCz5RTGIwszf8 "HTTP/1.1 200 OK"
2025-05-30 15:51:33,836 - app.services.dendreo_client - INFO - Making request to Dendreo API: https://pro.dendreo.com/competences_et_metiers/api/laps.php
2025-05-30 15:51:34,417 - httpx - INFO - HTTP Request: GET https://pro.dendreo.com/competences_et_metiers/api/laps.php?id_action_de_formation=266&include=participactions&key=BaBVostSCz5RTGIwszf8 "HTTP/1.1 200 OK"
2025-05-30 15:51:34,429 - app.services.dendreo_client - INFO - Making request to Dendreo API: https://pro.dendreo.com/competences_et_metiers/api/laps.php
2025-05-30 15:51:34,981 - httpx - INFO - HTTP Request: GET https://pro.dendreo.com/competences_et_metiers/api/laps.php?id_action_de_formation=267&include=participactions&key=BaBVostSCz5RTGIwszf8 "HTTP/1.1 200 OK"
2025-05-30 15:51:34,983 - app.services.dendreo_client - INFO - Making request to Dendreo API: https://pro.dendreo.com/competences_et_metiers/api/laps.php
2025-05-30 15:51:35,531 - httpx - INFO - HTTP Request: GET https://pro.dendreo.com/competences_et_metiers/api/laps.php?id_action_de_formation=268&include=participactions&key=BaBVostSCz5RTGIwszf8 "HTTP/1.1 200 OK"
2025-05-30 15:51:35,535 - app.services.dendreo_client - INFO - Making request to Dendreo API: https://pro.dendreo.com/competences_et_metiers/api/laps.php
2025-05-30 15:51:36,010 - httpx - INFO - HTTP Request: GET https://pro.dendreo.com/competences_et_metiers/api/laps.php?id_action_de_formation=269&include=participactions&key=BaBVostSCz5RTGIwszf8 "HTTP/1.1 200 OK"
2025-05-30 15:51:36,017 - app.services.dendreo_client - INFO - Making request to Dendreo API: https://pro.dendreo.com/competences_et_metiers/api/laps.php
2025-05-30 15:51:36,506 - httpx - INFO - HTTP Request: GET https://pro.dendreo.com/competences_et_metiers/api/laps.php?id_action_de_formation=270&include=participactions&key=BaBVostSCz5RTGIwszf8 "HTTP/1.1 200 OK"
2025-05-30 15:51:36,510 - app.services.dendreo_client - INFO - Making request to Dendreo API: https://pro.dendreo.com/competences_et_metiers/api/laps.php
2025-05-30 15:51:37,010 - httpx - INFO - HTTP Request: GET https://pro.dendreo.com/competences_et_metiers/api/laps.php?id_action_de_formation=271&include=participactions&key=BaBVostSCz5RTGIwszf8 "HTTP/1.1 200 OK"
2025-05-30 15:51:37,013 - app.services.dendreo_client - INFO - Making request to Dendreo API: https://pro.dendreo.com/competences_et_metiers/api/laps.php
2025-05-30 15:51:37,477 - httpx - INFO - HTTP Request: GET https://pro.dendreo.com/competences_et_metiers/api/laps.php?id_action_de_formation=272&include=participactions&key=BaBVostSCz5RTGIwszf8 "HTTP/1.1 200 OK"
2025-05-30 15:51:37,479 - app.services.dendreo_client - INFO - Making request to Dendreo API: https://pro.dendreo.com/competences_et_metiers/api/laps.php
2025-05-30 15:51:37,963 - httpx - INFO - HTTP Request: GET https://pro.dendreo.com/competences_et_metiers/api/laps.php?id_action_de_formation=273&include=participactions&key=BaBVostSCz5RTGIwszf8 "HTTP/1.1 200 OK"
2025-05-30 15:51:37,965 - app.services.dendreo_client - INFO - Making request to Dendreo API: https://pro.dendreo.com/competences_et_metiers/api/laps.php
2025-05-30 15:51:38,429 - httpx - INFO - HTTP Request: GET https://pro.dendreo.com/competences_et_metiers/api/laps.php?id_action_de_formation=274&include=participactions&key=BaBVostSCz5RTGIwszf8 "HTTP/1.1 200 OK"
2025-05-30 15:51:38,433 - app.services.dendreo_client - INFO - Making request to Dendreo API: https://pro.dendreo.com/competences_et_metiers/api/laps.php
2025-05-30 15:51:38,889 - httpx - INFO - HTTP Request: GET https://pro.dendreo.com/competences_et_metiers/api/laps.php?id_action_de_formation=275&include=participactions&key=BaBVostSCz5RTGIwszf8 "HTTP/1.1 200 OK"
2025-05-30 15:51:38,893 - app.services.dendreo_client - INFO - Making request to Dendreo API: https://pro.dendreo.com/competences_et_metiers/api/laps.php
2025-05-30 15:51:39,452 - httpx - INFO - HTTP Request: GET https://pro.dendreo.com/competences_et_metiers/api/laps.php?id_action_de_formation=276&include=participactions&key=BaBVostSCz5RTGIwszf8 "HTTP/1.1 200 OK"
2025-05-30 15:51:39,455 - app.services.dendreo_client - INFO - Making request to Dendreo API: https://pro.dendreo.com/competences_et_metiers/api/laps.php
2025-05-30 15:51:40,048 - httpx - INFO - HTTP Request: GET https://pro.dendreo.com/competences_et_metiers/api/laps.php?id_action_de_formation=277&include=participactions&key=BaBVostSCz5RTGIwszf8 "HTTP/1.1 200 OK"
2025-05-30 15:51:40,050 - app.services.dendreo_client - INFO - Making request to Dendreo API: https://pro.dendreo.com/competences_et_metiers/api/laps.php
2025-05-30 15:51:40,578 - httpx - INFO - HTTP Request: GET https://pro.dendreo.com/competences_et_metiers/api/laps.php?id_action_de_formation=278&include=participactions&key=BaBVostSCz5RTGIwszf8 "HTTP/1.1 200 OK"
2025-05-30 15:51:40,582 - app.services.dendreo_client - INFO - Making request to Dendreo API: https://pro.dendreo.com/competences_et_metiers/api/laps.php
2025-05-30 15:51:41,047 - httpx - INFO - HTTP Request: GET https://pro.dendreo.com/competences_et_metiers/api/laps.php?id_action_de_formation=279&include=participactions&key=BaBVostSCz5RTGIwszf8 "HTTP/1.1 200 OK"
2025-05-30 15:51:41,056 - app.services.dendreo_client - INFO - Making request to Dendreo API: https://pro.dendreo.com/competences_et_metiers/api/laps.php
2025-05-30 15:51:41,710 - httpx - INFO - HTTP Request: GET https://pro.dendreo.com/competences_et_metiers/api/laps.php?id_action_de_formation=281&include=participactions&key=BaBVostSCz5RTGIwszf8 "HTTP/1.1 200 OK"
2025-05-30 15:51:41,716 - app.services.dendreo_client - INFO - Making request to Dendreo API: https://pro.dendreo.com/competences_et_metiers/api/laps.php
2025-05-30 15:51:42,217 - httpx - INFO - HTTP Request: GET https://pro.dendreo.com/competences_et_metiers/api/laps.php?id_action_de_formation=283&include=participactions&key=BaBVostSCz5RTGIwszf8 "HTTP/1.1 200 OK"
2025-05-30 15:51:42,219 - app.services.dendreo_client - INFO - Making request to Dendreo API: https://pro.dendreo.com/competences_et_metiers/api/laps.php
2025-05-30 15:51:42,696 - httpx - INFO - HTTP Request: GET https://pro.dendreo.com/competences_et_metiers/api/laps.php?id_action_de_formation=284&include=participactions&key=BaBVostSCz5RTGIwszf8 "HTTP/1.1 200 OK"
2025-05-30 15:51:42,699 - app.services.dendreo_client - INFO - Making request to Dendreo API: https://pro.dendreo.com/competences_et_metiers/api/laps.php
2025-05-30 15:51:43,207 - httpx - INFO - HTTP Request: GET https://pro.dendreo.com/competences_et_metiers/api/laps.php?id_action_de_formation=286&include=participactions&key=BaBVostSCz5RTGIwszf8 "HTTP/1.1 200 OK"
2025-05-30 15:51:43,208 - app.services.dendreo_client - INFO - Making request to Dendreo API: https://pro.dendreo.com/competences_et_metiers/api/laps.php
2025-05-30 15:51:43,676 - httpx - INFO - HTTP Request: GET https://pro.dendreo.com/competences_et_metiers/api/laps.php?id_action_de_formation=287&include=participactions&key=BaBVostSCz5RTGIwszf8 "HTTP/1.1 200 OK"
2025-05-30 15:51:43,678 - app.services.dendreo_client - INFO - Making request to Dendreo API: https://pro.dendreo.com/competences_et_metiers/api/laps.php
2025-05-30 15:51:44,158 - httpx - INFO - HTTP Request: GET https://pro.dendreo.com/competences_et_metiers/api/laps.php?id_action_de_formation=289&include=participactions&key=BaBVostSCz5RTGIwszf8 "HTTP/1.1 200 OK"
2025-05-30 15:51:44,161 - app.services.dendreo_client - INFO - Making request to Dendreo API: https://pro.dendreo.com/competences_et_metiers/api/laps.php
2025-05-30 15:51:44,647 - httpx - INFO - HTTP Request: GET https://pro.dendreo.com/competences_et_metiers/api/laps.php?id_action_de_formation=290&include=participactions&key=BaBVostSCz5RTGIwszf8 "HTTP/1.1 200 OK"
2025-05-30 15:51:44,651 - app.services.dendreo_client - INFO - Making request to Dendreo API: https://pro.dendreo.com/competences_et_metiers/api/laps.php
2025-05-30 15:51:45,179 - httpx - INFO - HTTP Request: GET https://pro.dendreo.com/competences_et_metiers/api/laps.php?id_action_de_formation=291&include=participactions&key=BaBVostSCz5RTGIwszf8 "HTTP/1.1 200 OK"
2025-05-30 15:51:45,181 - app.services.dendreo_client - INFO - Making request to Dendreo API: https://pro.dendreo.com/competences_et_metiers/api/laps.php
2025-05-30 15:51:45,676 - httpx - INFO - HTTP Request: GET https://pro.dendreo.com/competences_et_metiers/api/laps.php?id_action_de_formation=292&include=participactions&key=BaBVostSCz5RTGIwszf8 "HTTP/1.1 200 OK"
2025-05-30 15:51:45,678 - app.services.dendreo_client - INFO - Making request to Dendreo API: https://pro.dendreo.com/competences_et_metiers/api/laps.php
2025-05-30 15:51:46,241 - httpx - INFO - HTTP Request: GET https://pro.dendreo.com/competences_et_metiers/api/laps.php?id_action_de_formation=294&include=participactions&key=BaBVostSCz5RTGIwszf8 "HTTP/1.1 200 OK"
2025-05-30 15:51:46,248 - app.services.dendreo_sync - INFO - Processing ADF batch 4/6
2025-05-30 15:51:46,249 - app.services.dendreo_client - INFO - Making request to Dendreo API: https://pro.dendreo.com/competences_et_metiers/api/laps.php
2025-05-30 15:51:46,793 - httpx - INFO - HTTP Request: GET https://pro.dendreo.com/competences_et_metiers/api/laps.php?id_action_de_formation=295&include=participactions&key=BaBVostSCz5RTGIwszf8 "HTTP/1.1 200 OK"
2025-05-30 15:51:46,795 - app.services.dendreo_client - INFO - Making request to Dendreo API: https://pro.dendreo.com/competences_et_metiers/api/laps.php
2025-05-30 15:51:47,251 - httpx - INFO - HTTP Request: GET https://pro.dendreo.com/competences_et_metiers/api/laps.php?id_action_de_formation=296&include=participactions&key=BaBVostSCz5RTGIwszf8 "HTTP/1.1 200 OK"
2025-05-30 15:51:47,254 - app.services.dendreo_client - INFO - Making request to Dendreo API: https://pro.dendreo.com/competences_et_metiers/api/laps.php
2025-05-30 15:51:47,792 - httpx - INFO - HTTP Request: GET https://pro.dendreo.com/competences_et_metiers/api/laps.php?id_action_de_formation=297&include=participactions&key=BaBVostSCz5RTGIwszf8 "HTTP/1.1 200 OK"
2025-05-30 15:51:47,794 - app.services.dendreo_client - INFO - Making request to Dendreo API: https://pro.dendreo.com/competences_et_metiers/api/laps.php
2025-05-30 15:51:48,270 - httpx - INFO - HTTP Request: GET https://pro.dendreo.com/competences_et_metiers/api/laps.php?id_action_de_formation=298&include=participactions&key=BaBVostSCz5RTGIwszf8 "HTTP/1.1 200 OK"
2025-05-30 15:51:48,273 - app.services.dendreo_client - INFO - Making request to Dendreo API: https://pro.dendreo.com/competences_et_metiers/api/laps.php
2025-05-30 15:51:48,846 - httpx - INFO - HTTP Request: GET https://pro.dendreo.com/competences_et_metiers/api/laps.php?id_action_de_formation=299&include=participactions&key=BaBVostSCz5RTGIwszf8 "HTTP/1.1 200 OK"
2025-05-30 15:51:48,851 - app.services.dendreo_client - INFO - Making request to Dendreo API: https://pro.dendreo.com/competences_et_metiers/api/laps.php
2025-05-30 15:51:49,372 - httpx - INFO - HTTP Request: GET https://pro.dendreo.com/competences_et_metiers/api/laps.php?id_action_de_formation=303&include=participactions&key=BaBVostSCz5RTGIwszf8 "HTTP/1.1 200 OK"
2025-05-30 15:51:49,375 - app.services.dendreo_client - INFO - Making request to Dendreo API: https://pro.dendreo.com/competences_et_metiers/api/laps.php
2025-05-30 15:51:49,917 - httpx - INFO - HTTP Request: GET https://pro.dendreo.com/competences_et_metiers/api/laps.php?id_action_de_formation=304&include=participactions&key=BaBVostSCz5RTGIwszf8 "HTTP/1.1 200 OK"
2025-05-30 15:51:49,919 - app.services.dendreo_client - INFO - Making request to Dendreo API: https://pro.dendreo.com/competences_et_metiers/api/laps.php
2025-05-30 15:51:50,485 - httpx - INFO - HTTP Request: GET https://pro.dendreo.com/competences_et_metiers/api/laps.php?id_action_de_formation=305&include=participactions&key=BaBVostSCz5RTGIwszf8 "HTTP/1.1 200 OK"
2025-05-30 15:51:50,494 - app.services.dendreo_client - INFO - Making request to Dendreo API: https://pro.dendreo.com/competences_et_metiers/api/laps.php
2025-05-30 15:51:50,987 - httpx - INFO - HTTP Request: GET https://pro.dendreo.com/competences_et_metiers/api/laps.php?id_action_de_formation=308&include=participactions&key=BaBVostSCz5RTGIwszf8 "HTTP/1.1 200 OK"
2025-05-30 15:51:50,989 - app.services.dendreo_client - INFO - Making request to Dendreo API: https://pro.dendreo.com/competences_et_metiers/api/laps.php
2025-05-30 15:51:51,464 - httpx - INFO - HTTP Request: GET https://pro.dendreo.com/competences_et_metiers/api/laps.php?id_action_de_formation=309&include=participactions&key=BaBVostSCz5RTGIwszf8 "HTTP/1.1 200 OK"
2025-05-30 15:51:51,467 - app.services.dendreo_client - INFO - Making request to Dendreo API: https://pro.dendreo.com/competences_et_metiers/api/laps.php
2025-05-30 15:51:52,018 - httpx - INFO - HTTP Request: GET https://pro.dendreo.com/competences_et_metiers/api/laps.php?id_action_de_formation=311&include=participactions&key=BaBVostSCz5RTGIwszf8 "HTTP/1.1 200 OK"
2025-05-30 15:51:52,023 - app.services.dendreo_client - INFO - Making request to Dendreo API: https://pro.dendreo.com/competences_et_metiers/api/laps.php
2025-05-30 15:51:52,565 - httpx - INFO - HTTP Request: GET https://pro.dendreo.com/competences_et_metiers/api/laps.php?id_action_de_formation=312&include=participactions&key=BaBVostSCz5RTGIwszf8 "HTTP/1.1 200 OK"
2025-05-30 15:51:52,569 - app.services.dendreo_client - INFO - Making request to Dendreo API: https://pro.dendreo.com/competences_et_metiers/api/laps.php
2025-05-30 15:51:53,044 - httpx - INFO - HTTP Request: GET https://pro.dendreo.com/competences_et_metiers/api/laps.php?id_action_de_formation=313&include=participactions&key=BaBVostSCz5RTGIwszf8 "HTTP/1.1 200 OK"
2025-05-30 15:51:53,047 - app.services.dendreo_client - INFO - Making request to Dendreo API: https://pro.dendreo.com/competences_et_metiers/api/laps.php
2025-05-30 15:51:53,547 - httpx - INFO - HTTP Request: GET https://pro.dendreo.com/competences_et_metiers/api/laps.php?id_action_de_formation=314&include=participactions&key=BaBVostSCz5RTGIwszf8 "HTTP/1.1 200 OK"
2025-05-30 15:51:53,549 - app.services.dendreo_client - INFO - Making request to Dendreo API: https://pro.dendreo.com/competences_et_metiers/api/laps.php
2025-05-30 15:51:54,035 - httpx - INFO - HTTP Request: GET https://pro.dendreo.com/competences_et_metiers/api/laps.php?id_action_de_formation=315&include=participactions&key=BaBVostSCz5RTGIwszf8 "HTTP/1.1 200 OK"
2025-05-30 15:51:54,037 - app.services.dendreo_client - INFO - Making request to Dendreo API: https://pro.dendreo.com/competences_et_metiers/api/laps.php
2025-05-30 15:51:54,530 - httpx - INFO - HTTP Request: GET https://pro.dendreo.com/competences_et_metiers/api/laps.php?id_action_de_formation=316&include=participactions&key=BaBVostSCz5RTGIwszf8 "HTTP/1.1 200 OK"
2025-05-30 15:51:54,532 - app.services.dendreo_client - INFO - Making request to Dendreo API: https://pro.dendreo.com/competences_et_metiers/api/laps.php
2025-05-30 15:51:55,030 - httpx - INFO - HTTP Request: GET https://pro.dendreo.com/competences_et_metiers/api/laps.php?id_action_de_formation=317&include=participactions&key=BaBVostSCz5RTGIwszf8 "HTTP/1.1 200 OK"
2025-05-30 15:51:55,033 - app.services.dendreo_client - INFO - Making request to Dendreo API: https://pro.dendreo.com/competences_et_metiers/api/laps.php
2025-05-30 15:51:55,505 - httpx - INFO - HTTP Request: GET https://pro.dendreo.com/competences_et_metiers/api/laps.php?id_action_de_formation=318&include=participactions&key=BaBVostSCz5RTGIwszf8 "HTTP/1.1 200 OK"
2025-05-30 15:51:55,507 - app.services.dendreo_client - INFO - Making request to Dendreo API: https://pro.dendreo.com/competences_et_metiers/api/laps.php
2025-05-30 15:51:56,026 - httpx - INFO - HTTP Request: GET https://pro.dendreo.com/competences_et_metiers/api/laps.php?id_action_de_formation=319&include=participactions&key=BaBVostSCz5RTGIwszf8 "HTTP/1.1 200 OK"
2025-05-30 15:51:56,030 - app.services.dendreo_client - INFO - Making request to Dendreo API: https://pro.dendreo.com/competences_et_metiers/api/laps.php
2025-05-30 15:51:56,550 - httpx - INFO - HTTP Request: GET https://pro.dendreo.com/competences_et_metiers/api/laps.php?id_action_de_formation=320&include=participactions&key=BaBVostSCz5RTGIwszf8 "HTTP/1.1 200 OK"
2025-05-30 15:51:56,555 - app.services.dendreo_client - INFO - Making request to Dendreo API: https://pro.dendreo.com/competences_et_metiers/api/laps.php
2025-05-30 15:51:57,012 - httpx - INFO - HTTP Request: GET https://pro.dendreo.com/competences_et_metiers/api/laps.php?id_action_de_formation=321&include=participactions&key=BaBVostSCz5RTGIwszf8 "HTTP/1.1 200 OK"
2025-05-30 15:51:57,014 - app.services.dendreo_client - INFO - Making request to Dendreo API: https://pro.dendreo.com/competences_et_metiers/api/laps.php
2025-05-30 15:51:57,510 - httpx - INFO - HTTP Request: GET https://pro.dendreo.com/competences_et_metiers/api/laps.php?id_action_de_formation=322&include=participactions&key=BaBVostSCz5RTGIwszf8 "HTTP/1.1 200 OK"
2025-05-30 15:51:57,512 - app.services.dendreo_client - INFO - Making request to Dendreo API: https://pro.dendreo.com/competences_et_metiers/api/laps.php
2025-05-30 15:51:57,993 - httpx - INFO - HTTP Request: GET https://pro.dendreo.com/competences_et_metiers/api/laps.php?id_action_de_formation=323&include=participactions&key=BaBVostSCz5RTGIwszf8 "HTTP/1.1 200 OK"
2025-05-30 15:51:57,995 - app.services.dendreo_client - INFO - Making request to Dendreo API: https://pro.dendreo.com/competences_et_metiers/api/laps.php
2025-05-30 15:51:58,476 - httpx - INFO - HTTP Request: GET https://pro.dendreo.com/competences_et_metiers/api/laps.php?id_action_de_formation=324&include=participactions&key=BaBVostSCz5RTGIwszf8 "HTTP/1.1 200 OK"
2025-05-30 15:51:58,478 - app.services.dendreo_client - INFO - Making request to Dendreo API: https://pro.dendreo.com/competences_et_metiers/api/laps.php
2025-05-30 15:51:58,939 - httpx - INFO - HTTP Request: GET https://pro.dendreo.com/competences_et_metiers/api/laps.php?id_action_de_formation=325&include=participactions&key=BaBVostSCz5RTGIwszf8 "HTTP/1.1 200 OK"
2025-05-30 15:51:58,941 - app.services.dendreo_client - INFO - Making request to Dendreo API: https://pro.dendreo.com/competences_et_metiers/api/laps.php
2025-05-30 15:51:59,458 - httpx - INFO - HTTP Request: GET https://pro.dendreo.com/competences_et_metiers/api/laps.php?id_action_de_formation=329&include=participactions&key=BaBVostSCz5RTGIwszf8 "HTTP/1.1 200 OK"
2025-05-30 15:51:59,459 - app.services.dendreo_client - INFO - Making request to Dendreo API: https://pro.dendreo.com/competences_et_metiers/api/laps.php
2025-05-30 15:51:59,916 - httpx - INFO - HTTP Request: GET https://pro.dendreo.com/competences_et_metiers/api/laps.php?id_action_de_formation=330&include=participactions&key=BaBVostSCz5RTGIwszf8 "HTTP/1.1 200 OK"
2025-05-30 15:51:59,918 - app.services.dendreo_client - INFO - Making request to Dendreo API: https://pro.dendreo.com/competences_et_metiers/api/laps.php
2025-05-30 15:52:00,403 - httpx - INFO - HTTP Request: GET https://pro.dendreo.com/competences_et_metiers/api/laps.php?id_action_de_formation=331&include=participactions&key=BaBVostSCz5RTGIwszf8 "HTTP/1.1 200 OK"
2025-05-30 15:52:00,405 - app.services.dendreo_client - INFO - Making request to Dendreo API: https://pro.dendreo.com/competences_et_metiers/api/laps.php
2025-05-30 15:52:00,855 - httpx - INFO - HTTP Request: GET https://pro.dendreo.com/competences_et_metiers/api/laps.php?id_action_de_formation=332&include=participactions&key=BaBVostSCz5RTGIwszf8 "HTTP/1.1 200 OK"
2025-05-30 15:52:00,860 - app.services.dendreo_client - INFO - Making request to Dendreo API: https://pro.dendreo.com/competences_et_metiers/api/laps.php
2025-05-30 15:52:01,374 - httpx - INFO - HTTP Request: GET https://pro.dendreo.com/competences_et_metiers/api/laps.php?id_action_de_formation=333&include=participactions&key=BaBVostSCz5RTGIwszf8 "HTTP/1.1 200 OK"
2025-05-30 15:52:01,382 - app.services.dendreo_client - INFO - Making request to Dendreo API: https://pro.dendreo.com/competences_et_metiers/api/laps.php
2025-05-30 15:52:01,886 - httpx - INFO - HTTP Request: GET https://pro.dendreo.com/competences_et_metiers/api/laps.php?id_action_de_formation=334&include=participactions&key=BaBVostSCz5RTGIwszf8 "HTTP/1.1 200 OK"
2025-05-30 15:52:01,890 - app.services.dendreo_client - INFO - Making request to Dendreo API: https://pro.dendreo.com/competences_et_metiers/api/laps.php
2025-05-30 15:52:02,391 - httpx - INFO - HTTP Request: GET https://pro.dendreo.com/competences_et_metiers/api/laps.php?id_action_de_formation=335&include=participactions&key=BaBVostSCz5RTGIwszf8 "HTTP/1.1 200 OK"
2025-05-30 15:52:02,395 - app.services.dendreo_client - INFO - Making request to Dendreo API: https://pro.dendreo.com/competences_et_metiers/api/laps.php
2025-05-30 15:52:02,891 - httpx - INFO - HTTP Request: GET https://pro.dendreo.com/competences_et_metiers/api/laps.php?id_action_de_formation=336&include=participactions&key=BaBVostSCz5RTGIwszf8 "HTTP/1.1 200 OK"
2025-05-30 15:52:02,893 - app.services.dendreo_client - INFO - Making request to Dendreo API: https://pro.dendreo.com/competences_et_metiers/api/laps.php
2025-05-30 15:52:03,405 - httpx - INFO - HTTP Request: GET https://pro.dendreo.com/competences_et_metiers/api/laps.php?id_action_de_formation=337&include=participactions&key=BaBVostSCz5RTGIwszf8 "HTTP/1.1 200 OK"
2025-05-30 15:52:03,407 - app.services.dendreo_client - INFO - Making request to Dendreo API: https://pro.dendreo.com/competences_et_metiers/api/laps.php
2025-05-30 15:52:03,879 - httpx - INFO - HTTP Request: GET https://pro.dendreo.com/competences_et_metiers/api/laps.php?id_action_de_formation=339&include=participactions&key=BaBVostSCz5RTGIwszf8 "HTTP/1.1 200 OK"
2025-05-30 15:52:03,884 - app.services.dendreo_client - INFO - Making request to Dendreo API: https://pro.dendreo.com/competences_et_metiers/api/laps.php
2025-05-30 15:52:04,423 - httpx - INFO - HTTP Request: GET https://pro.dendreo.com/competences_et_metiers/api/laps.php?id_action_de_formation=340&include=participactions&key=BaBVostSCz5RTGIwszf8 "HTTP/1.1 200 OK"
2025-05-30 15:52:04,427 - app.services.dendreo_client - INFO - Making request to Dendreo API: https://pro.dendreo.com/competences_et_metiers/api/laps.php
2025-05-30 15:52:04,889 - httpx - INFO - HTTP Request: GET https://pro.dendreo.com/competences_et_metiers/api/laps.php?id_action_de_formation=342&include=participactions&key=BaBVostSCz5RTGIwszf8 "HTTP/1.1 200 OK"
2025-05-30 15:52:04,892 - app.services.dendreo_client - INFO - Making request to Dendreo API: https://pro.dendreo.com/competences_et_metiers/api/laps.php
2025-05-30 15:52:05,356 - httpx - INFO - HTTP Request: GET https://pro.dendreo.com/competences_et_metiers/api/laps.php?id_action_de_formation=343&include=participactions&key=BaBVostSCz5RTGIwszf8 "HTTP/1.1 200 OK"
2025-05-30 15:52:05,358 - app.services.dendreo_client - INFO - Making request to Dendreo API: https://pro.dendreo.com/competences_et_metiers/api/laps.php
2025-05-30 15:52:05,903 - httpx - INFO - HTTP Request: GET https://pro.dendreo.com/competences_et_metiers/api/laps.php?id_action_de_formation=346&include=participactions&key=BaBVostSCz5RTGIwszf8 "HTTP/1.1 200 OK"
2025-05-30 15:52:05,908 - app.services.dendreo_client - INFO - Making request to Dendreo API: https://pro.dendreo.com/competences_et_metiers/api/laps.php
2025-05-30 15:52:06,425 - httpx - INFO - HTTP Request: GET https://pro.dendreo.com/competences_et_metiers/api/laps.php?id_action_de_formation=347&include=participactions&key=BaBVostSCz5RTGIwszf8 "HTTP/1.1 200 OK"
2025-05-30 15:52:06,427 - app.services.dendreo_client - INFO - Making request to Dendreo API: https://pro.dendreo.com/competences_et_metiers/api/laps.php
2025-05-30 15:52:06,941 - httpx - INFO - HTTP Request: GET https://pro.dendreo.com/competences_et_metiers/api/laps.php?id_action_de_formation=348&include=participactions&key=BaBVostSCz5RTGIwszf8 "HTTP/1.1 200 OK"
2025-05-30 15:52:06,944 - app.services.dendreo_client - INFO - Making request to Dendreo API: https://pro.dendreo.com/competences_et_metiers/api/laps.php
2025-05-30 15:52:07,531 - httpx - INFO - HTTP Request: GET https://pro.dendreo.com/competences_et_metiers/api/laps.php?id_action_de_formation=349&include=participactions&key=BaBVostSCz5RTGIwszf8 "HTTP/1.1 200 OK"
2025-05-30 15:52:07,537 - app.services.dendreo_client - INFO - Making request to Dendreo API: https://pro.dendreo.com/competences_et_metiers/api/laps.php
2025-05-30 15:52:08,068 - httpx - INFO - HTTP Request: GET https://pro.dendreo.com/competences_et_metiers/api/laps.php?id_action_de_formation=351&include=participactions&key=BaBVostSCz5RTGIwszf8 "HTTP/1.1 200 OK"
2025-05-30 15:52:08,070 - app.services.dendreo_client - INFO - Making request to Dendreo API: https://pro.dendreo.com/competences_et_metiers/api/laps.php
2025-05-30 15:52:08,561 - httpx - INFO - HTTP Request: GET https://pro.dendreo.com/competences_et_metiers/api/laps.php?id_action_de_formation=352&include=participactions&key=BaBVostSCz5RTGIwszf8 "HTTP/1.1 200 OK"
2025-05-30 15:52:08,563 - app.services.dendreo_client - INFO - Making request to Dendreo API: https://pro.dendreo.com/competences_et_metiers/api/laps.php
2025-05-30 15:52:09,067 - httpx - INFO - HTTP Request: GET https://pro.dendreo.com/competences_et_metiers/api/laps.php?id_action_de_formation=354&include=participactions&key=BaBVostSCz5RTGIwszf8 "HTTP/1.1 200 OK"
2025-05-30 15:52:09,084 - app.services.dendreo_sync - INFO - Processing ADF batch 5/6
2025-05-30 15:52:09,085 - app.services.dendreo_client - INFO - Making request to Dendreo API: https://pro.dendreo.com/competences_et_metiers/api/laps.php
2025-05-30 15:52:09,585 - httpx - INFO - HTTP Request: GET https://pro.dendreo.com/competences_et_metiers/api/laps.php?id_action_de_formation=355&include=participactions&key=BaBVostSCz5RTGIwszf8 "HTTP/1.1 200 OK"
2025-05-30 15:52:09,587 - app.services.dendreo_client - INFO - Making request to Dendreo API: https://pro.dendreo.com/competences_et_metiers/api/laps.php
2025-05-30 15:52:10,159 - httpx - INFO - HTTP Request: GET https://pro.dendreo.com/competences_et_metiers/api/laps.php?id_action_de_formation=356&include=participactions&key=BaBVostSCz5RTGIwszf8 "HTTP/1.1 200 OK"
2025-05-30 15:52:10,162 - app.services.dendreo_client - INFO - Making request to Dendreo API: https://pro.dendreo.com/competences_et_metiers/api/laps.php
2025-05-30 15:52:10,644 - httpx - INFO - HTTP Request: GET https://pro.dendreo.com/competences_et_metiers/api/laps.php?id_action_de_formation=357&include=participactions&key=BaBVostSCz5RTGIwszf8 "HTTP/1.1 200 OK"
2025-05-30 15:52:10,647 - app.services.dendreo_client - INFO - Making request to Dendreo API: https://pro.dendreo.com/competences_et_metiers/api/laps.php
2025-05-30 15:52:11,161 - httpx - INFO - HTTP Request: GET https://pro.dendreo.com/competences_et_metiers/api/laps.php?id_action_de_formation=358&include=participactions&key=BaBVostSCz5RTGIwszf8 "HTTP/1.1 200 OK"
2025-05-30 15:52:11,165 - app.services.dendreo_client - INFO - Making request to Dendreo API: https://pro.dendreo.com/competences_et_metiers/api/laps.php
2025-05-30 15:52:11,634 - httpx - INFO - HTTP Request: GET https://pro.dendreo.com/competences_et_metiers/api/laps.php?id_action_de_formation=359&include=participactions&key=BaBVostSCz5RTGIwszf8 "HTTP/1.1 200 OK"
2025-05-30 15:52:11,636 - app.services.dendreo_client - INFO - Making request to Dendreo API: https://pro.dendreo.com/competences_et_metiers/api/laps.php
2025-05-30 15:52:12,149 - httpx - INFO - HTTP Request: GET https://pro.dendreo.com/competences_et_metiers/api/laps.php?id_action_de_formation=360&include=participactions&key=BaBVostSCz5RTGIwszf8 "HTTP/1.1 200 OK"
2025-05-30 15:52:12,156 - app.services.dendreo_client - INFO - Making request to Dendreo API: https://pro.dendreo.com/competences_et_metiers/api/laps.php
2025-05-30 15:52:12,613 - httpx - INFO - HTTP Request: GET https://pro.dendreo.com/competences_et_metiers/api/laps.php?id_action_de_formation=361&include=participactions&key=BaBVostSCz5RTGIwszf8 "HTTP/1.1 200 OK"
2025-05-30 15:52:12,615 - app.services.dendreo_client - INFO - Making request to Dendreo API: https://pro.dendreo.com/competences_et_metiers/api/laps.php
2025-05-30 15:52:13,084 - httpx - INFO - HTTP Request: GET https://pro.dendreo.com/competences_et_metiers/api/laps.php?id_action_de_formation=362&include=participactions&key=BaBVostSCz5RTGIwszf8 "HTTP/1.1 200 OK"
2025-05-30 15:52:13,086 - app.services.dendreo_client - INFO - Making request to Dendreo API: https://pro.dendreo.com/competences_et_metiers/api/laps.php
2025-05-30 15:52:13,658 - httpx - INFO - HTTP Request: GET https://pro.dendreo.com/competences_et_metiers/api/laps.php?id_action_de_formation=363&include=participactions&key=BaBVostSCz5RTGIwszf8 "HTTP/1.1 200 OK"
2025-05-30 15:52:13,662 - app.services.dendreo_client - INFO - Making request to Dendreo API: https://pro.dendreo.com/competences_et_metiers/api/laps.php
2025-05-30 15:52:14,104 - httpx - INFO - HTTP Request: GET https://pro.dendreo.com/competences_et_metiers/api/laps.php?id_action_de_formation=364&include=participactions&key=BaBVostSCz5RTGIwszf8 "HTTP/1.1 200 OK"
2025-05-30 15:52:14,107 - app.services.dendreo_client - INFO - Making request to Dendreo API: https://pro.dendreo.com/competences_et_metiers/api/laps.php
2025-05-30 15:52:14,640 - httpx - INFO - HTTP Request: GET https://pro.dendreo.com/competences_et_metiers/api/laps.php?id_action_de_formation=366&include=participactions&key=BaBVostSCz5RTGIwszf8 "HTTP/1.1 200 OK"
2025-05-30 15:52:14,642 - app.services.dendreo_client - INFO - Making request to Dendreo API: https://pro.dendreo.com/competences_et_metiers/api/laps.php
2025-05-30 15:52:15,159 - httpx - INFO - HTTP Request: GET https://pro.dendreo.com/competences_et_metiers/api/laps.php?id_action_de_formation=367&include=participactions&key=BaBVostSCz5RTGIwszf8 "HTTP/1.1 200 OK"
2025-05-30 15:52:15,166 - app.services.dendreo_client - INFO - Making request to Dendreo API: https://pro.dendreo.com/competences_et_metiers/api/laps.php
2025-05-30 15:52:15,658 - httpx - INFO - HTTP Request: GET https://pro.dendreo.com/competences_et_metiers/api/laps.php?id_action_de_formation=369&include=participactions&key=BaBVostSCz5RTGIwszf8 "HTTP/1.1 200 OK"
2025-05-30 15:52:15,660 - app.services.dendreo_client - INFO - Making request to Dendreo API: https://pro.dendreo.com/competences_et_metiers/api/laps.php
2025-05-30 15:52:16,169 - httpx - INFO - HTTP Request: GET https://pro.dendreo.com/competences_et_metiers/api/laps.php?id_action_de_formation=370&include=participactions&key=BaBVostSCz5RTGIwszf8 "HTTP/1.1 200 OK"
2025-05-30 15:52:16,172 - app.services.dendreo_client - INFO - Making request to Dendreo API: https://pro.dendreo.com/competences_et_metiers/api/laps.php
2025-05-30 15:52:16,691 - httpx - INFO - HTTP Request: GET https://pro.dendreo.com/competences_et_metiers/api/laps.php?id_action_de_formation=371&include=participactions&key=BaBVostSCz5RTGIwszf8 "HTTP/1.1 200 OK"
2025-05-30 15:52:16,693 - app.services.dendreo_client - INFO - Making request to Dendreo API: https://pro.dendreo.com/competences_et_metiers/api/laps.php
2025-05-30 15:52:17,170 - httpx - INFO - HTTP Request: GET https://pro.dendreo.com/competences_et_metiers/api/laps.php?id_action_de_formation=372&include=participactions&key=BaBVostSCz5RTGIwszf8 "HTTP/1.1 200 OK"
2025-05-30 15:52:17,175 - app.services.dendreo_client - INFO - Making request to Dendreo API: https://pro.dendreo.com/competences_et_metiers/api/laps.php
2025-05-30 15:52:17,724 - httpx - INFO - HTTP Request: GET https://pro.dendreo.com/competences_et_metiers/api/laps.php?id_action_de_formation=375&include=participactions&key=BaBVostSCz5RTGIwszf8 "HTTP/1.1 200 OK"
2025-05-30 15:52:17,726 - app.services.dendreo_client - INFO - Making request to Dendreo API: https://pro.dendreo.com/competences_et_metiers/api/laps.php
2025-05-30 15:52:18,223 - httpx - INFO - HTTP Request: GET https://pro.dendreo.com/competences_et_metiers/api/laps.php?id_action_de_formation=376&include=participactions&key=BaBVostSCz5RTGIwszf8 "HTTP/1.1 200 OK"
2025-05-30 15:52:18,228 - app.services.dendreo_client - INFO - Making request to Dendreo API: https://pro.dendreo.com/competences_et_metiers/api/laps.php
2025-05-30 15:52:18,721 - httpx - INFO - HTTP Request: GET https://pro.dendreo.com/competences_et_metiers/api/laps.php?id_action_de_formation=377&include=participactions&key=BaBVostSCz5RTGIwszf8 "HTTP/1.1 200 OK"
2025-05-30 15:52:18,722 - app.services.dendreo_client - INFO - Making request to Dendreo API: https://pro.dendreo.com/competences_et_metiers/api/laps.php
2025-05-30 15:52:19,225 - httpx - INFO - HTTP Request: GET https://pro.dendreo.com/competences_et_metiers/api/laps.php?id_action_de_formation=378&include=participactions&key=BaBVostSCz5RTGIwszf8 "HTTP/1.1 200 OK"
2025-05-30 15:52:19,230 - app.services.dendreo_client - INFO - Making request to Dendreo API: https://pro.dendreo.com/competences_et_metiers/api/laps.php
2025-05-30 15:52:19,703 - httpx - INFO - HTTP Request: GET https://pro.dendreo.com/competences_et_metiers/api/laps.php?id_action_de_formation=379&include=participactions&key=BaBVostSCz5RTGIwszf8 "HTTP/1.1 200 OK"
2025-05-30 15:52:19,705 - app.services.dendreo_client - INFO - Making request to Dendreo API: https://pro.dendreo.com/competences_et_metiers/api/laps.php
2025-05-30 15:52:20,209 - httpx - INFO - HTTP Request: GET https://pro.dendreo.com/competences_et_metiers/api/laps.php?id_action_de_formation=381&include=participactions&key=BaBVostSCz5RTGIwszf8 "HTTP/1.1 200 OK"
2025-05-30 15:52:20,220 - app.services.dendreo_client - INFO - Making request to Dendreo API: https://pro.dendreo.com/competences_et_metiers/api/laps.php
2025-05-30 15:52:20,664 - httpx - INFO - HTTP Request: GET https://pro.dendreo.com/competences_et_metiers/api/laps.php?id_action_de_formation=382&include=participactions&key=BaBVostSCz5RTGIwszf8 "HTTP/1.1 200 OK"
2025-05-30 15:52:20,666 - app.services.dendreo_client - INFO - Making request to Dendreo API: https://pro.dendreo.com/competences_et_metiers/api/laps.php
2025-05-30 15:52:21,182 - httpx - INFO - HTTP Request: GET https://pro.dendreo.com/competences_et_metiers/api/laps.php?id_action_de_formation=383&include=participactions&key=BaBVostSCz5RTGIwszf8 "HTTP/1.1 200 OK"
2025-05-30 15:52:21,190 - app.services.dendreo_client - INFO - Making request to Dendreo API: https://pro.dendreo.com/competences_et_metiers/api/laps.php
2025-05-30 15:52:21,713 - httpx - INFO - HTTP Request: GET https://pro.dendreo.com/competences_et_metiers/api/laps.php?id_action_de_formation=384&include=participactions&key=BaBVostSCz5RTGIwszf8 "HTTP/1.1 200 OK"
2025-05-30 15:52:21,715 - app.services.dendreo_client - INFO - Making request to Dendreo API: https://pro.dendreo.com/competences_et_metiers/api/laps.php
2025-05-30 15:52:22,295 - httpx - INFO - HTTP Request: GET https://pro.dendreo.com/competences_et_metiers/api/laps.php?id_action_de_formation=385&include=participactions&key=BaBVostSCz5RTGIwszf8 "HTTP/1.1 200 OK"
2025-05-30 15:52:22,296 - app.services.dendreo_client - INFO - Making request to Dendreo API: https://pro.dendreo.com/competences_et_metiers/api/laps.php
2025-05-30 15:52:22,788 - httpx - INFO - HTTP Request: GET https://pro.dendreo.com/competences_et_metiers/api/laps.php?id_action_de_formation=386&include=participactions&key=BaBVostSCz5RTGIwszf8 "HTTP/1.1 200 OK"
2025-05-30 15:52:22,791 - app.services.dendreo_client - INFO - Making request to Dendreo API: https://pro.dendreo.com/competences_et_metiers/api/laps.php
2025-05-30 15:52:23,400 - httpx - INFO - HTTP Request: GET https://pro.dendreo.com/competences_et_metiers/api/laps.php?id_action_de_formation=387&include=participactions&key=BaBVostSCz5RTGIwszf8 "HTTP/1.1 200 OK"
2025-05-30 15:52:23,411 - app.services.dendreo_client - INFO - Making request to Dendreo API: https://pro.dendreo.com/competences_et_metiers/api/laps.php
2025-05-30 15:52:24,038 - httpx - INFO - HTTP Request: GET https://pro.dendreo.com/competences_et_metiers/api/laps.php?id_action_de_formation=388&include=participactions&key=BaBVostSCz5RTGIwszf8 "HTTP/1.1 200 OK"
2025-05-30 15:52:24,042 - app.services.dendreo_client - INFO - Making request to Dendreo API: https://pro.dendreo.com/competences_et_metiers/api/laps.php
2025-05-30 15:52:24,710 - httpx - INFO - HTTP Request: GET https://pro.dendreo.com/competences_et_metiers/api/laps.php?id_action_de_formation=389&include=participactions&key=BaBVostSCz5RTGIwszf8 "HTTP/1.1 200 OK"
2025-05-30 15:52:24,715 - app.services.dendreo_client - INFO - Making request to Dendreo API: https://pro.dendreo.com/competences_et_metiers/api/laps.php
2025-05-30 15:52:25,225 - httpx - INFO - HTTP Request: GET https://pro.dendreo.com/competences_et_metiers/api/laps.php?id_action_de_formation=390&include=participactions&key=BaBVostSCz5RTGIwszf8 "HTTP/1.1 200 OK"
2025-05-30 15:52:25,232 - app.services.dendreo_client - INFO - Making request to Dendreo API: https://pro.dendreo.com/competences_et_metiers/api/laps.php
2025-05-30 16:00:30,934 - app.services.dendreo_client - INFO - Initialized DendreoClient with base URL: https://pro.dendreo.com/competences_et_metiers/api
2025-05-30 16:00:31,911 - app.services.dendreo_client - INFO - Initialized DendreoClient with base URL: https://pro.dendreo.com/competences_et_metiers/api
2025-05-30 16:00:44,431 - app.services.dendreo_client - INFO - Initialized DendreoClient with base URL: https://pro.dendreo.com/competences_et_metiers/api
2025-05-30 16:00:44,432 - app.services.dendreo_sync - INFO - Starting full sync from Dendreo API
2025-05-30 16:00:44,432 - app.services.dendreo_client - INFO - Making request to Dendreo API: https://pro.dendreo.com/competences_et_metiers/api/lmps.php
2025-05-30 16:00:52,798 - httpx - INFO - HTTP Request: GET https://pro.dendreo.com/competences_et_metiers/api/lmps.php?include=participant%2Cmodule&key=BaBVostSCz5RTGIwszf8 "HTTP/1.1 200 OK"
2025-05-30 16:00:53,563 - app.services.dendreo_client - INFO - Making request to Dendreo API: https://pro.dendreo.com/competences_et_metiers/api/actions_de_formation.php
2025-05-30 16:00:54,482 - httpx - INFO - HTTP Request: GET https://pro.dendreo.com/competences_et_metiers/api/actions_de_formation.php?include=modules%2Cparticipant%2CetapeProcess&key=BaBVostSCz5RTGIwszf8 "HTTP/1.1 200 OK"
2025-05-30 16:00:54,526 - app.services.dendreo_sync - INFO - Filtering e-learning modules...
2025-05-30 16:00:54,528 - app.services.dendreo_sync - INFO - Found 0 e-learning records
2025-05-30 16:00:54,528 - app.services.dendreo_sync - INFO - Processing ADFs...
2025-05-30 16:00:54,528 - app.services.dendreo_sync - INFO - Processing ADF batch 1/6
2025-05-30 16:00:54,529 - app.services.dendreo_client - INFO - Making request to Dendreo API: https://pro.dendreo.com/competences_et_metiers/api/laps.php
2025-05-30 16:00:55,012 - httpx - INFO - HTTP Request: GET https://pro.dendreo.com/competences_et_metiers/api/laps.php?id_action_de_formation=115&include=participactions&key=BaBVostSCz5RTGIwszf8 "HTTP/1.1 200 OK"
2025-05-30 16:00:55,099 - app.services.dendreo_client - INFO - Making request to Dendreo API: https://pro.dendreo.com/competences_et_metiers/api/laps.php
2025-05-30 16:00:55,567 - httpx - INFO - HTTP Request: GET https://pro.dendreo.com/competences_et_metiers/api/laps.php?id_action_de_formation=119&include=participactions&key=BaBVostSCz5RTGIwszf8 "HTTP/1.1 200 OK"
2025-05-30 16:00:55,569 - app.services.dendreo_client - INFO - Making request to Dendreo API: https://pro.dendreo.com/competences_et_metiers/api/laps.php
2025-05-30 16:00:56,061 - httpx - INFO - HTTP Request: GET https://pro.dendreo.com/competences_et_metiers/api/laps.php?id_action_de_formation=124&include=participactions&key=BaBVostSCz5RTGIwszf8 "HTTP/1.1 200 OK"
2025-05-30 16:00:56,064 - app.services.dendreo_client - INFO - Making request to Dendreo API: https://pro.dendreo.com/competences_et_metiers/api/laps.php
2025-05-30 16:00:56,580 - httpx - INFO - HTTP Request: GET https://pro.dendreo.com/competences_et_metiers/api/laps.php?id_action_de_formation=132&include=participactions&key=BaBVostSCz5RTGIwszf8 "HTTP/1.1 200 OK"
2025-05-30 16:00:56,583 - app.services.dendreo_client - INFO - Making request to Dendreo API: https://pro.dendreo.com/competences_et_metiers/api/laps.php
2025-05-30 16:00:57,038 - httpx - INFO - HTTP Request: GET https://pro.dendreo.com/competences_et_metiers/api/laps.php?id_action_de_formation=133&include=participactions&key=BaBVostSCz5RTGIwszf8 "HTTP/1.1 200 OK"
2025-05-30 16:00:57,041 - app.services.dendreo_client - INFO - Making request to Dendreo API: https://pro.dendreo.com/competences_et_metiers/api/laps.php
2025-05-30 16:00:57,536 - httpx - INFO - HTTP Request: GET https://pro.dendreo.com/competences_et_metiers/api/laps.php?id_action_de_formation=134&include=participactions&key=BaBVostSCz5RTGIwszf8 "HTTP/1.1 200 OK"
2025-05-30 16:00:57,539 - app.services.dendreo_client - INFO - Making request to Dendreo API: https://pro.dendreo.com/competences_et_metiers/api/laps.php
2025-05-30 16:00:58,032 - httpx - INFO - HTTP Request: GET https://pro.dendreo.com/competences_et_metiers/api/laps.php?id_action_de_formation=140&include=participactions&key=BaBVostSCz5RTGIwszf8 "HTTP/1.1 200 OK"
2025-05-30 16:00:58,034 - app.services.dendreo_client - INFO - Making request to Dendreo API: https://pro.dendreo.com/competences_et_metiers/api/laps.php
2025-05-30 16:00:58,617 - httpx - INFO - HTTP Request: GET https://pro.dendreo.com/competences_et_metiers/api/laps.php?id_action_de_formation=141&include=participactions&key=BaBVostSCz5RTGIwszf8 "HTTP/1.1 200 OK"
2025-05-30 16:00:58,625 - app.services.dendreo_client - INFO - Making request to Dendreo API: https://pro.dendreo.com/competences_et_metiers/api/laps.php
2025-05-30 16:00:59,097 - httpx - INFO - HTTP Request: GET https://pro.dendreo.com/competences_et_metiers/api/laps.php?id_action_de_formation=149&include=participactions&key=BaBVostSCz5RTGIwszf8 "HTTP/1.1 200 OK"
2025-05-30 16:00:59,100 - app.services.dendreo_client - INFO - Making request to Dendreo API: https://pro.dendreo.com/competences_et_metiers/api/laps.php
2025-05-30 16:00:59,627 - httpx - INFO - HTTP Request: GET https://pro.dendreo.com/competences_et_metiers/api/laps.php?id_action_de_formation=150&include=participactions&key=BaBVostSCz5RTGIwszf8 "HTTP/1.1 200 OK"
2025-05-30 16:00:59,629 - app.services.dendreo_client - INFO - Making request to Dendreo API: https://pro.dendreo.com/competences_et_metiers/api/laps.php
2025-05-30 16:01:00,124 - httpx - INFO - HTTP Request: GET https://pro.dendreo.com/competences_et_metiers/api/laps.php?id_action_de_formation=152&include=participactions&key=BaBVostSCz5RTGIwszf8 "HTTP/1.1 200 OK"
2025-05-30 16:01:00,126 - app.services.dendreo_client - INFO - Making request to Dendreo API: https://pro.dendreo.com/competences_et_metiers/api/laps.php
2025-05-30 16:01:00,621 - httpx - INFO - HTTP Request: GET https://pro.dendreo.com/competences_et_metiers/api/laps.php?id_action_de_formation=157&include=participactions&key=BaBVostSCz5RTGIwszf8 "HTTP/1.1 200 OK"
2025-05-30 16:01:00,625 - app.services.dendreo_client - INFO - Making request to Dendreo API: https://pro.dendreo.com/competences_et_metiers/api/laps.php
2025-05-30 16:01:01,125 - httpx - INFO - HTTP Request: GET https://pro.dendreo.com/competences_et_metiers/api/laps.php?id_action_de_formation=158&include=participactions&key=BaBVostSCz5RTGIwszf8 "HTTP/1.1 200 OK"
2025-05-30 16:01:01,128 - app.services.dendreo_client - INFO - Making request to Dendreo API: https://pro.dendreo.com/competences_et_metiers/api/laps.php
2025-05-30 16:01:01,622 - httpx - INFO - HTTP Request: GET https://pro.dendreo.com/competences_et_metiers/api/laps.php?id_action_de_formation=159&include=participactions&key=BaBVostSCz5RTGIwszf8 "HTTP/1.1 200 OK"
2025-05-30 16:01:01,624 - app.services.dendreo_client - INFO - Making request to Dendreo API: https://pro.dendreo.com/competences_et_metiers/api/laps.php
2025-05-30 16:01:02,132 - httpx - INFO - HTTP Request: GET https://pro.dendreo.com/competences_et_metiers/api/laps.php?id_action_de_formation=160&include=participactions&key=BaBVostSCz5RTGIwszf8 "HTTP/1.1 200 OK"
2025-05-30 16:01:02,134 - app.services.dendreo_client - INFO - Making request to Dendreo API: https://pro.dendreo.com/competences_et_metiers/api/laps.php
2025-05-30 16:01:02,644 - httpx - INFO - HTTP Request: GET https://pro.dendreo.com/competences_et_metiers/api/laps.php?id_action_de_formation=161&include=participactions&key=BaBVostSCz5RTGIwszf8 "HTTP/1.1 200 OK"
2025-05-30 16:01:02,646 - app.services.dendreo_client - INFO - Making request to Dendreo API: https://pro.dendreo.com/competences_et_metiers/api/laps.php
2025-05-30 16:01:03,119 - httpx - INFO - HTTP Request: GET https://pro.dendreo.com/competences_et_metiers/api/laps.php?id_action_de_formation=162&include=participactions&key=BaBVostSCz5RTGIwszf8 "HTTP/1.1 200 OK"
2025-05-30 16:01:03,121 - app.services.dendreo_client - INFO - Making request to Dendreo API: https://pro.dendreo.com/competences_et_metiers/api/laps.php
2025-05-30 16:01:03,621 - httpx - INFO - HTTP Request: GET https://pro.dendreo.com/competences_et_metiers/api/laps.php?id_action_de_formation=163&include=participactions&key=BaBVostSCz5RTGIwszf8 "HTTP/1.1 200 OK"
2025-05-30 16:01:03,624 - app.services.dendreo_client - INFO - Making request to Dendreo API: https://pro.dendreo.com/competences_et_metiers/api/laps.php
2025-05-30 16:01:04,102 - httpx - INFO - HTTP Request: GET https://pro.dendreo.com/competences_et_metiers/api/laps.php?id_action_de_formation=164&include=participactions&key=BaBVostSCz5RTGIwszf8 "HTTP/1.1 200 OK"
2025-05-30 16:01:04,106 - app.services.dendreo_client - INFO - Making request to Dendreo API: https://pro.dendreo.com/competences_et_metiers/api/laps.php
2025-05-30 16:01:04,595 - httpx - INFO - HTTP Request: GET https://pro.dendreo.com/competences_et_metiers/api/laps.php?id_action_de_formation=165&include=participactions&key=BaBVostSCz5RTGIwszf8 "HTTP/1.1 200 OK"
2025-05-30 16:01:04,599 - app.services.dendreo_client - INFO - Making request to Dendreo API: https://pro.dendreo.com/competences_et_metiers/api/laps.php
2025-05-30 16:01:05,286 - httpx - INFO - HTTP Request: GET https://pro.dendreo.com/competences_et_metiers/api/laps.php?id_action_de_formation=166&include=participactions&key=BaBVostSCz5RTGIwszf8 "HTTP/1.1 200 OK"
2025-05-30 16:01:05,288 - app.services.dendreo_client - INFO - Making request to Dendreo API: https://pro.dendreo.com/competences_et_metiers/api/laps.php
2025-05-30 16:01:05,806 - httpx - INFO - HTTP Request: GET https://pro.dendreo.com/competences_et_metiers/api/laps.php?id_action_de_formation=167&include=participactions&key=BaBVostSCz5RTGIwszf8 "HTTP/1.1 200 OK"
2025-05-30 16:01:05,809 - app.services.dendreo_client - INFO - Making request to Dendreo API: https://pro.dendreo.com/competences_et_metiers/api/laps.php
2025-05-30 16:01:06,289 - httpx - INFO - HTTP Request: GET https://pro.dendreo.com/competences_et_metiers/api/laps.php?id_action_de_formation=168&include=participactions&key=BaBVostSCz5RTGIwszf8 "HTTP/1.1 200 OK"
2025-05-30 16:01:06,291 - app.services.dendreo_client - INFO - Making request to Dendreo API: https://pro.dendreo.com/competences_et_metiers/api/laps.php
2025-05-30 16:01:06,833 - httpx - INFO - HTTP Request: GET https://pro.dendreo.com/competences_et_metiers/api/laps.php?id_action_de_formation=169&include=participactions&key=BaBVostSCz5RTGIwszf8 "HTTP/1.1 200 OK"
2025-05-30 16:01:06,839 - app.services.dendreo_client - INFO - Making request to Dendreo API: https://pro.dendreo.com/competences_et_metiers/api/laps.php
2025-05-30 16:01:07,360 - httpx - INFO - HTTP Request: GET https://pro.dendreo.com/competences_et_metiers/api/laps.php?id_action_de_formation=170&include=participactions&key=BaBVostSCz5RTGIwszf8 "HTTP/1.1 200 OK"
2025-05-30 16:01:07,363 - app.services.dendreo_client - INFO - Making request to Dendreo API: https://pro.dendreo.com/competences_et_metiers/api/laps.php
2025-05-30 16:01:07,842 - httpx - INFO - HTTP Request: GET https://pro.dendreo.com/competences_et_metiers/api/laps.php?id_action_de_formation=171&include=participactions&key=BaBVostSCz5RTGIwszf8 "HTTP/1.1 200 OK"
2025-05-30 16:01:07,847 - app.services.dendreo_client - INFO - Making request to Dendreo API: https://pro.dendreo.com/competences_et_metiers/api/laps.php
2025-05-30 16:01:08,429 - httpx - INFO - HTTP Request: GET https://pro.dendreo.com/competences_et_metiers/api/laps.php?id_action_de_formation=172&include=participactions&key=BaBVostSCz5RTGIwszf8 "HTTP/1.1 200 OK"
2025-05-30 16:01:08,431 - app.services.dendreo_client - INFO - Making request to Dendreo API: https://pro.dendreo.com/competences_et_metiers/api/laps.php
2025-05-30 16:01:08,924 - httpx - INFO - HTTP Request: GET https://pro.dendreo.com/competences_et_metiers/api/laps.php?id_action_de_formation=173&include=participactions&key=BaBVostSCz5RTGIwszf8 "HTTP/1.1 200 OK"
2025-05-30 16:01:08,926 - app.services.dendreo_client - INFO - Making request to Dendreo API: https://pro.dendreo.com/competences_et_metiers/api/laps.php
2025-05-30 16:01:09,432 - httpx - INFO - HTTP Request: GET https://pro.dendreo.com/competences_et_metiers/api/laps.php?id_action_de_formation=174&include=participactions&key=BaBVostSCz5RTGIwszf8 "HTTP/1.1 200 OK"
2025-05-30 16:01:09,434 - app.services.dendreo_client - INFO - Making request to Dendreo API: https://pro.dendreo.com/competences_et_metiers/api/laps.php
2025-05-30 16:01:09,939 - httpx - INFO - HTTP Request: GET https://pro.dendreo.com/competences_et_metiers/api/laps.php?id_action_de_formation=175&include=participactions&key=BaBVostSCz5RTGIwszf8 "HTTP/1.1 200 OK"
2025-05-30 16:01:09,941 - app.services.dendreo_client - INFO - Making request to Dendreo API: https://pro.dendreo.com/competences_et_metiers/api/laps.php
2025-05-30 16:01:10,443 - httpx - INFO - HTTP Request: GET https://pro.dendreo.com/competences_et_metiers/api/laps.php?id_action_de_formation=176&include=participactions&key=BaBVostSCz5RTGIwszf8 "HTTP/1.1 200 OK"
2025-05-30 16:01:10,462 - app.services.dendreo_client - INFO - Making request to Dendreo API: https://pro.dendreo.com/competences_et_metiers/api/laps.php
2025-05-30 16:01:10,924 - httpx - INFO - HTTP Request: GET https://pro.dendreo.com/competences_et_metiers/api/laps.php?id_action_de_formation=177&include=participactions&key=BaBVostSCz5RTGIwszf8 "HTTP/1.1 200 OK"
2025-05-30 16:01:10,926 - app.services.dendreo_client - INFO - Making request to Dendreo API: https://pro.dendreo.com/competences_et_metiers/api/laps.php
2025-05-30 16:01:11,418 - httpx - INFO - HTTP Request: GET https://pro.dendreo.com/competences_et_metiers/api/laps.php?id_action_de_formation=178&include=participactions&key=BaBVostSCz5RTGIwszf8 "HTTP/1.1 200 OK"
2025-05-30 16:01:11,425 - app.services.dendreo_client - INFO - Making request to Dendreo API: https://pro.dendreo.com/competences_et_metiers/api/laps.php
2025-05-30 16:01:11,908 - httpx - INFO - HTTP Request: GET https://pro.dendreo.com/competences_et_metiers/api/laps.php?id_action_de_formation=179&include=participactions&key=BaBVostSCz5RTGIwszf8 "HTTP/1.1 200 OK"
2025-05-30 16:01:11,910 - app.services.dendreo_client - INFO - Making request to Dendreo API: https://pro.dendreo.com/competences_et_metiers/api/laps.php
2025-05-30 16:01:12,387 - httpx - INFO - HTTP Request: GET https://pro.dendreo.com/competences_et_metiers/api/laps.php?id_action_de_formation=180&include=participactions&key=BaBVostSCz5RTGIwszf8 "HTTP/1.1 200 OK"
2025-05-30 16:01:12,394 - app.services.dendreo_client - INFO - Making request to Dendreo API: https://pro.dendreo.com/competences_et_metiers/api/laps.php
2025-05-30 16:01:12,896 - httpx - INFO - HTTP Request: GET https://pro.dendreo.com/competences_et_metiers/api/laps.php?id_action_de_formation=181&include=participactions&key=BaBVostSCz5RTGIwszf8 "HTTP/1.1 200 OK"
2025-05-30 16:01:12,900 - app.services.dendreo_client - INFO - Making request to Dendreo API: https://pro.dendreo.com/competences_et_metiers/api/laps.php
2025-05-30 16:01:13,367 - httpx - INFO - HTTP Request: GET https://pro.dendreo.com/competences_et_metiers/api/laps.php?id_action_de_formation=182&include=participactions&key=BaBVostSCz5RTGIwszf8 "HTTP/1.1 200 OK"
2025-05-30 16:01:13,375 - app.services.dendreo_client - INFO - Making request to Dendreo API: https://pro.dendreo.com/competences_et_metiers/api/laps.php
2025-05-30 16:01:13,938 - httpx - INFO - HTTP Request: GET https://pro.dendreo.com/competences_et_metiers/api/laps.php?id_action_de_formation=183&include=participactions&key=BaBVostSCz5RTGIwszf8 "HTTP/1.1 200 OK"
2025-05-30 16:01:13,940 - app.services.dendreo_client - INFO - Making request to Dendreo API: https://pro.dendreo.com/competences_et_metiers/api/laps.php
2025-05-30 16:01:14,410 - httpx - INFO - HTTP Request: GET https://pro.dendreo.com/competences_et_metiers/api/laps.php?id_action_de_formation=184&include=participactions&key=BaBVostSCz5RTGIwszf8 "HTTP/1.1 200 OK"
2025-05-30 16:01:14,416 - app.services.dendreo_client - INFO - Making request to Dendreo API: https://pro.dendreo.com/competences_et_metiers/api/laps.php
2025-05-30 16:01:14,935 - httpx - INFO - HTTP Request: GET https://pro.dendreo.com/competences_et_metiers/api/laps.php?id_action_de_formation=185&include=participactions&key=BaBVostSCz5RTGIwszf8 "HTTP/1.1 200 OK"
2025-05-30 16:01:14,939 - app.services.dendreo_sync - INFO - Processing ADF batch 2/6
2025-05-30 16:01:14,939 - app.services.dendreo_client - INFO - Making request to Dendreo API: https://pro.dendreo.com/competences_et_metiers/api/laps.php
2025-05-30 16:01:15,421 - httpx - INFO - HTTP Request: GET https://pro.dendreo.com/competences_et_metiers/api/laps.php?id_action_de_formation=186&include=participactions&key=BaBVostSCz5RTGIwszf8 "HTTP/1.1 200 OK"
2025-05-30 16:01:15,428 - app.services.dendreo_client - INFO - Making request to Dendreo API: https://pro.dendreo.com/competences_et_metiers/api/laps.php
2025-05-30 16:03:19,295 - app.services.dendreo_client - INFO - Initialized DendreoClient with base URL: https://pro.dendreo.com/competences_et_metiers/api
2025-05-30 16:03:20,310 - app.services.dendreo_client - INFO - Initialized DendreoClient with base URL: https://pro.dendreo.com/competences_et_metiers/api
2025-05-30 16:03:23,554 - app.services.dendreo_client - INFO - Initialized DendreoClient with base URL: https://pro.dendreo.com/competences_et_metiers/api
2025-05-30 16:03:23,555 - app.services.dendreo_sync - INFO - Starting full sync from Dendreo API
2025-05-30 16:03:23,555 - app.services.dendreo_client - INFO - Making request to Dendreo API: https://pro.dendreo.com/competences_et_metiers/api/lmps.php
2025-05-30 16:03:31,408 - httpx - INFO - HTTP Request: GET https://pro.dendreo.com/competences_et_metiers/api/lmps.php?include=participant%2Cmodule&key=BaBVostSCz5RTGIwszf8 "HTTP/1.1 200 OK"
2025-05-30 16:03:32,112 - app.services.dendreo_client - INFO - Making request to Dendreo API: https://pro.dendreo.com/competences_et_metiers/api/actions_de_formation.php
2025-05-30 16:03:32,926 - httpx - INFO - HTTP Request: GET https://pro.dendreo.com/competences_et_metiers/api/actions_de_formation.php?include=modules%2Cparticipant%2CetapeProcess&key=BaBVostSCz5RTGIwszf8 "HTTP/1.1 200 OK"
2025-05-30 16:03:32,962 - app.services.dendreo_sync - INFO - Filtering e-learning modules...
2025-05-30 16:03:32,963 - app.services.dendreo_sync - INFO - Found 0 e-learning records
2025-05-30 16:03:32,964 - app.services.dendreo_sync - INFO - Processing ADFs...
2025-05-30 16:03:32,964 - app.services.dendreo_sync - INFO - Processing ADF batch 1/6
2025-05-30 16:03:32,964 - app.services.dendreo_client - INFO - Making request to Dendreo API: https://pro.dendreo.com/competences_et_metiers/api/laps.php
2025-05-30 16:03:33,428 - httpx - INFO - HTTP Request: GET https://pro.dendreo.com/competences_et_metiers/api/laps.php?id_action_de_formation=115&include=participactions&key=BaBVostSCz5RTGIwszf8 "HTTP/1.1 200 OK"
2025-05-30 16:03:33,629 - app.services.dendreo_client - INFO - Making request to Dendreo API: https://pro.dendreo.com/competences_et_metiers/api/laps.php
2025-05-30 16:03:34,107 - httpx - INFO - HTTP Request: GET https://pro.dendreo.com/competences_et_metiers/api/laps.php?id_action_de_formation=119&include=participactions&key=BaBVostSCz5RTGIwszf8 "HTTP/1.1 200 OK"
2025-05-30 16:03:34,109 - app.services.dendreo_client - INFO - Making request to Dendreo API: https://pro.dendreo.com/competences_et_metiers/api/laps.php
2025-05-30 16:03:34,610 - httpx - INFO - HTTP Request: GET https://pro.dendreo.com/competences_et_metiers/api/laps.php?id_action_de_formation=124&include=participactions&key=BaBVostSCz5RTGIwszf8 "HTTP/1.1 200 OK"
2025-05-30 16:03:34,611 - app.services.dendreo_client - INFO - Making request to Dendreo API: https://pro.dendreo.com/competences_et_metiers/api/laps.php
2025-05-30 16:03:35,084 - httpx - INFO - HTTP Request: GET https://pro.dendreo.com/competences_et_metiers/api/laps.php?id_action_de_formation=132&include=participactions&key=BaBVostSCz5RTGIwszf8 "HTTP/1.1 200 OK"
2025-05-30 16:03:35,087 - app.services.dendreo_client - INFO - Making request to Dendreo API: https://pro.dendreo.com/competences_et_metiers/api/laps.php
2025-05-30 16:03:35,597 - httpx - INFO - HTTP Request: GET https://pro.dendreo.com/competences_et_metiers/api/laps.php?id_action_de_formation=133&include=participactions&key=BaBVostSCz5RTGIwszf8 "HTTP/1.1 200 OK"
2025-05-30 16:03:35,599 - app.services.dendreo_client - INFO - Making request to Dendreo API: https://pro.dendreo.com/competences_et_metiers/api/laps.php
2025-05-30 16:03:36,083 - httpx - INFO - HTTP Request: GET https://pro.dendreo.com/competences_et_metiers/api/laps.php?id_action_de_formation=134&include=participactions&key=BaBVostSCz5RTGIwszf8 "HTTP/1.1 200 OK"
2025-05-30 16:03:36,085 - app.services.dendreo_client - INFO - Making request to Dendreo API: https://pro.dendreo.com/competences_et_metiers/api/laps.php
2025-05-30 16:03:36,594 - httpx - INFO - HTTP Request: GET https://pro.dendreo.com/competences_et_metiers/api/laps.php?id_action_de_formation=140&include=participactions&key=BaBVostSCz5RTGIwszf8 "HTTP/1.1 200 OK"
2025-05-30 16:03:36,596 - app.services.dendreo_client - INFO - Making request to Dendreo API: https://pro.dendreo.com/competences_et_metiers/api/laps.php
2025-05-30 16:03:37,174 - httpx - INFO - HTTP Request: GET https://pro.dendreo.com/competences_et_metiers/api/laps.php?id_action_de_formation=141&include=participactions&key=BaBVostSCz5RTGIwszf8 "HTTP/1.1 200 OK"
2025-05-30 16:03:37,183 - app.services.dendreo_client - INFO - Making request to Dendreo API: https://pro.dendreo.com/competences_et_metiers/api/laps.php
2025-05-30 16:03:37,663 - httpx - INFO - HTTP Request: GET https://pro.dendreo.com/competences_et_metiers/api/laps.php?id_action_de_formation=149&include=participactions&key=BaBVostSCz5RTGIwszf8 "HTTP/1.1 200 OK"
2025-05-30 16:03:37,665 - app.services.dendreo_client - INFO - Making request to Dendreo API: https://pro.dendreo.com/competences_et_metiers/api/laps.php
2025-05-30 16:03:38,110 - httpx - INFO - HTTP Request: GET https://pro.dendreo.com/competences_et_metiers/api/laps.php?id_action_de_formation=150&include=participactions&key=BaBVostSCz5RTGIwszf8 "HTTP/1.1 200 OK"
2025-05-30 16:03:38,112 - app.services.dendreo_client - INFO - Making request to Dendreo API: https://pro.dendreo.com/competences_et_metiers/api/laps.php
2025-05-30 16:03:38,625 - httpx - INFO - HTTP Request: GET https://pro.dendreo.com/competences_et_metiers/api/laps.php?id_action_de_formation=152&include=participactions&key=BaBVostSCz5RTGIwszf8 "HTTP/1.1 200 OK"
2025-05-30 16:03:38,629 - app.services.dendreo_client - INFO - Making request to Dendreo API: https://pro.dendreo.com/competences_et_metiers/api/laps.php
2025-05-30 16:03:39,189 - httpx - INFO - HTTP Request: GET https://pro.dendreo.com/competences_et_metiers/api/laps.php?id_action_de_formation=157&include=participactions&key=BaBVostSCz5RTGIwszf8 "HTTP/1.1 200 OK"
2025-05-30 16:03:39,192 - app.services.dendreo_client - INFO - Making request to Dendreo API: https://pro.dendreo.com/competences_et_metiers/api/laps.php
2025-05-30 16:03:39,649 - httpx - INFO - HTTP Request: GET https://pro.dendreo.com/competences_et_metiers/api/laps.php?id_action_de_formation=158&include=participactions&key=BaBVostSCz5RTGIwszf8 "HTTP/1.1 200 OK"
2025-05-30 16:03:39,659 - app.services.dendreo_client - INFO - Making request to Dendreo API: https://pro.dendreo.com/competences_et_metiers/api/laps.php
2025-05-30 16:03:40,225 - httpx - INFO - HTTP Request: GET https://pro.dendreo.com/competences_et_metiers/api/laps.php?id_action_de_formation=159&include=participactions&key=BaBVostSCz5RTGIwszf8 "HTTP/1.1 200 OK"
2025-05-30 16:03:40,230 - app.services.dendreo_client - INFO - Making request to Dendreo API: https://pro.dendreo.com/competences_et_metiers/api/laps.php
2025-05-30 16:03:40,682 - httpx - INFO - HTTP Request: GET https://pro.dendreo.com/competences_et_metiers/api/laps.php?id_action_de_formation=160&include=participactions&key=BaBVostSCz5RTGIwszf8 "HTTP/1.1 200 OK"
2025-05-30 16:03:40,685 - app.services.dendreo_client - INFO - Making request to Dendreo API: https://pro.dendreo.com/competences_et_metiers/api/laps.php
2025-05-30 16:03:41,188 - httpx - INFO - HTTP Request: GET https://pro.dendreo.com/competences_et_metiers/api/laps.php?id_action_de_formation=161&include=participactions&key=BaBVostSCz5RTGIwszf8 "HTTP/1.1 200 OK"
2025-05-30 16:03:41,191 - app.services.dendreo_client - INFO - Making request to Dendreo API: https://pro.dendreo.com/competences_et_metiers/api/laps.php
2025-05-30 16:03:41,708 - httpx - INFO - HTTP Request: GET https://pro.dendreo.com/competences_et_metiers/api/laps.php?id_action_de_formation=162&include=participactions&key=BaBVostSCz5RTGIwszf8 "HTTP/1.1 200 OK"
2025-05-30 16:03:41,715 - app.services.dendreo_client - INFO - Making request to Dendreo API: https://pro.dendreo.com/competences_et_metiers/api/laps.php
2025-05-30 16:03:42,181 - httpx - INFO - HTTP Request: GET https://pro.dendreo.com/competences_et_metiers/api/laps.php?id_action_de_formation=163&include=participactions&key=BaBVostSCz5RTGIwszf8 "HTTP/1.1 200 OK"
2025-05-30 16:03:42,184 - app.services.dendreo_client - INFO - Making request to Dendreo API: https://pro.dendreo.com/competences_et_metiers/api/laps.php
2025-05-30 16:03:42,634 - httpx - INFO - HTTP Request: GET https://pro.dendreo.com/competences_et_metiers/api/laps.php?id_action_de_formation=164&include=participactions&key=BaBVostSCz5RTGIwszf8 "HTTP/1.1 200 OK"
2025-05-30 16:03:42,636 - app.services.dendreo_client - INFO - Making request to Dendreo API: https://pro.dendreo.com/competences_et_metiers/api/laps.php
2025-05-30 16:03:43,140 - httpx - INFO - HTTP Request: GET https://pro.dendreo.com/competences_et_metiers/api/laps.php?id_action_de_formation=165&include=participactions&key=BaBVostSCz5RTGIwszf8 "HTTP/1.1 200 OK"
2025-05-30 16:03:43,142 - app.services.dendreo_client - INFO - Making request to Dendreo API: https://pro.dendreo.com/competences_et_metiers/api/laps.php
2025-05-30 16:03:43,677 - httpx - INFO - HTTP Request: GET https://pro.dendreo.com/competences_et_metiers/api/laps.php?id_action_de_formation=166&include=participactions&key=BaBVostSCz5RTGIwszf8 "HTTP/1.1 200 OK"
2025-05-30 16:03:43,681 - app.services.dendreo_client - INFO - Making request to Dendreo API: https://pro.dendreo.com/competences_et_metiers/api/laps.php
2025-05-30 16:03:44,217 - httpx - INFO - HTTP Request: GET https://pro.dendreo.com/competences_et_metiers/api/laps.php?id_action_de_formation=167&include=participactions&key=BaBVostSCz5RTGIwszf8 "HTTP/1.1 200 OK"
2025-05-30 16:03:44,219 - app.services.dendreo_client - INFO - Making request to Dendreo API: https://pro.dendreo.com/competences_et_metiers/api/laps.php
2025-05-30 16:03:44,740 - httpx - INFO - HTTP Request: GET https://pro.dendreo.com/competences_et_metiers/api/laps.php?id_action_de_formation=168&include=participactions&key=BaBVostSCz5RTGIwszf8 "HTTP/1.1 200 OK"
2025-05-30 16:03:44,742 - app.services.dendreo_client - INFO - Making request to Dendreo API: https://pro.dendreo.com/competences_et_metiers/api/laps.php
2025-05-30 16:03:45,229 - httpx - INFO - HTTP Request: GET https://pro.dendreo.com/competences_et_metiers/api/laps.php?id_action_de_formation=169&include=participactions&key=BaBVostSCz5RTGIwszf8 "HTTP/1.1 200 OK"
2025-05-30 16:03:45,231 - app.services.dendreo_client - INFO - Making request to Dendreo API: https://pro.dendreo.com/competences_et_metiers/api/laps.php
2025-05-30 16:03:45,734 - httpx - INFO - HTTP Request: GET https://pro.dendreo.com/competences_et_metiers/api/laps.php?id_action_de_formation=170&include=participactions&key=BaBVostSCz5RTGIwszf8 "HTTP/1.1 200 OK"
2025-05-30 16:03:45,736 - app.services.dendreo_client - INFO - Making request to Dendreo API: https://pro.dendreo.com/competences_et_metiers/api/laps.php
2025-05-30 16:03:46,219 - httpx - INFO - HTTP Request: GET https://pro.dendreo.com/competences_et_metiers/api/laps.php?id_action_de_formation=171&include=participactions&key=BaBVostSCz5RTGIwszf8 "HTTP/1.1 200 OK"
2025-05-30 16:03:46,224 - app.services.dendreo_client - INFO - Making request to Dendreo API: https://pro.dendreo.com/competences_et_metiers/api/laps.php
2025-05-30 16:03:46,767 - httpx - INFO - HTTP Request: GET https://pro.dendreo.com/competences_et_metiers/api/laps.php?id_action_de_formation=172&include=participactions&key=BaBVostSCz5RTGIwszf8 "HTTP/1.1 200 OK"
2025-05-30 16:03:46,769 - app.services.dendreo_client - INFO - Making request to Dendreo API: https://pro.dendreo.com/competences_et_metiers/api/laps.php
2025-05-30 16:03:47,297 - httpx - INFO - HTTP Request: GET https://pro.dendreo.com/competences_et_metiers/api/laps.php?id_action_de_formation=173&include=participactions&key=BaBVostSCz5RTGIwszf8 "HTTP/1.1 200 OK"
2025-05-30 16:03:47,301 - app.services.dendreo_client - INFO - Making request to Dendreo API: https://pro.dendreo.com/competences_et_metiers/api/laps.php
2025-05-30 16:03:47,790 - httpx - INFO - HTTP Request: GET https://pro.dendreo.com/competences_et_metiers/api/laps.php?id_action_de_formation=174&include=participactions&key=BaBVostSCz5RTGIwszf8 "HTTP/1.1 200 OK"
2025-05-30 16:03:47,792 - app.services.dendreo_client - INFO - Making request to Dendreo API: https://pro.dendreo.com/competences_et_metiers/api/laps.php
2025-05-30 16:03:48,282 - httpx - INFO - HTTP Request: GET https://pro.dendreo.com/competences_et_metiers/api/laps.php?id_action_de_formation=175&include=participactions&key=BaBVostSCz5RTGIwszf8 "HTTP/1.1 200 OK"
2025-05-30 16:03:48,290 - app.services.dendreo_client - INFO - Making request to Dendreo API: https://pro.dendreo.com/competences_et_metiers/api/laps.php
2025-05-30 16:03:48,854 - httpx - INFO - HTTP Request: GET https://pro.dendreo.com/competences_et_metiers/api/laps.php?id_action_de_formation=176&include=participactions&key=BaBVostSCz5RTGIwszf8 "HTTP/1.1 200 OK"
2025-05-30 16:03:48,889 - app.services.dendreo_client - INFO - Making request to Dendreo API: https://pro.dendreo.com/competences_et_metiers/api/laps.php
2025-05-30 16:03:49,394 - httpx - INFO - HTTP Request: GET https://pro.dendreo.com/competences_et_metiers/api/laps.php?id_action_de_formation=177&include=participactions&key=BaBVostSCz5RTGIwszf8 "HTTP/1.1 200 OK"
2025-05-30 16:03:49,402 - app.services.dendreo_client - INFO - Making request to Dendreo API: https://pro.dendreo.com/competences_et_metiers/api/laps.php
